City_ID,City,Country,Date,Lat,Lng,Max Temp,Humidity,Cloudiness,Wind Speed
0,Namibe,AO,2021-01-31 13:32:54,-15.1961,12.1522,78.31,63,100,11.45
1,Chuy,UY,2021-01-31 13:29:55,-33.6971,-53.4616,68.86,90,100,17.98
2,Kapaa,US,2021-01-31 13:29:55,22.0752,-159.319,71.6,83,40,18.41
3,Esperance,AU,2021-01-31 13:32:54,-33.8667,121.9,64.4,68,0,12.66
4,Kudahuvadhoo,MV,2021-01-31 13:32:54,2.6708,72.8944,81.81,78,13,12.86
5,Abu Dhabi,AE,2021-01-31 13:31:22,24.4667,54.3667,73.4,56,0,14.97
6,Barrow,US,2021-01-31 13:32:15,71.2906,-156.7887,-16.6,76,90,8.05
7,Rikitea,PF,2021-01-31 13:32:54,-23.1203,-134.9692,78.42,73,33,11.39
8,Vaini,TO,2021-01-31 13:32:54,-21.2,-175.2,71.6,100,90,4.61
9,Albany,US,2021-01-31 13:32:55,42.6001,-73.9662,6.01,64,97,2.17
10,Port Alfred,ZA,2021-01-31 13:29:51,-33.5906,26.891,75.0,78,0,3.0
11,Saint-Philippe,RE,2021-01-31 13:32:55,-21.3585,55.7679,86.0,66,0,28.77
12,Mahebourg,MU,2021-01-31 13:28:55,-20.4081,57.7,86.0,66,75,11.5
13,Puerto Ayora,EC,2021-01-31 13:32:55,-0.7393,-90.3518,78.01,90,87,5.99
14,Arraial Do Cabo,BR,2021-01-31 13:32:56,-22.9661,-42.0278,87.8,51,0,16.11
15,Pangnirtung,CA,2021-01-31 13:32:56,66.1451,-65.7125,-1.26,83,93,2.46
16,Obo,CF,2021-01-31 13:32:56,5.3998,26.4869,97.9,14,0,7.65
17,Hobart,AU,2021-01-31 13:28:13,-42.8794,147.3294,62.6,72,90,9.22
18,Zarubino,RU,2021-01-31 13:32:56,42.63,131.0922,21.96,95,100,4.27
19,Umm Lajj,SA,2021-01-31 13:32:56,25.0213,37.2685,74.77,47,0,19.35
20,Bluff,NZ,2021-01-31 13:29:44,-46.6,168.3333,54.37,87,100,5.75
21,Cabedelo,BR,2021-01-31 13:32:56,-6.9811,-34.8339,86.0,66,75,14.97
22,Tasiilaq,GL,2021-01-31 13:32:04,65.6145,-37.6368,17.6,53,75,3.44
23,Atuona,PF,2021-01-31 13:32:10,-9.8,-139.0333,78.15,75,20,15.48
24,Cidreira,BR,2021-01-31 13:32:06,-30.1811,-50.2056,80.29,73,99,9.19
25,Hermanus,ZA,2021-01-31 13:32:57,-34.4187,19.2345,80.01,60,21,8.99
26,Sur,OM,2021-01-31 13:32:57,22.5667,59.5289,71.69,52,0,4.21
27,Okhotsk,RU,2021-01-31 13:32:57,59.3833,143.3,-12.59,78,0,16.49
28,Mataura,NZ,2021-01-31 13:29:53,-46.1927,168.8643,55.02,72,100,1.1
29,Turan,VN,2021-01-31 13:32:58,16.0678,108.2208,73.4,78,75,2.3
30,Aklavik,CA,2021-01-31 13:32:36,68.2191,-135.0107,-23.8,76,100,12.64
31,Xai-Xai,MZ,2021-01-31 13:32:58,-25.0519,33.6442,86.0,66,53,12.91
32,Ushuaia,AR,2021-01-31 13:28:13,-54.8,-68.3,50.0,53,75,8.05
33,Pervomayskiy,RU,2021-01-31 13:32:58,53.2485,40.2871,28.99,82,100,18.57
34,Saskylakh,RU,2021-01-31 13:32:58,71.9167,114.0833,-31.13,84,94,8.23
35,West Fargo,US,2021-01-31 13:32:24,46.875,-96.9004,23.0,93,90,5.93
36,Waingapu,ID,2021-01-31 13:32:58,-9.6567,120.2641,79.52,81,100,9.22
37,Khatanga,RU,2021-01-31 13:29:57,71.9667,102.5,-46.57,77,62,3.24
38,Busselton,AU,2021-01-31 13:32:59,-33.65,115.3333,69.01,73,0,1.01
39,Cape Town,ZA,2021-01-31 13:32:26,-33.9258,18.4232,77.0,68,75,17.27
40,Sao Joao Da Barra,BR,2021-01-31 13:31:25,-21.6403,-41.0511,87.8,45,0,6.91
41,Port Lincoln,AU,2021-01-31 13:32:59,-34.7333,135.8667,64.63,74,95,9.4
42,Upernavik,GL,2021-01-31 13:32:59,72.7868,-56.1549,-2.83,85,100,4.94
43,San Miguel Siguila,GT,2021-01-31 13:32:59,14.9,-91.6167,30.2,100,0,1.5
44,Guayaramerin,BO,2021-01-31 13:32:59,-10.8368,-65.3614,78.8,89,75,10.36
45,Merauke,ID,2021-01-31 13:33:00,-8.4667,140.3333,80.74,82,100,11.27
46,Iquique,CL,2021-01-31 13:28:45,-20.2208,-70.1431,71.6,60,0,4.61
47,Avarua,CK,2021-01-31 13:32:06,-21.2078,-159.775,73.4,94,40,1.14
48,Nikolskoye,RU,2021-01-31 13:33:00,59.7035,30.7861,26.6,86,75,4.47
49,Katherine,AU,2021-01-31 13:33:00,-14.4667,132.2667,80.6,78,90,6.91
50,Esna,EG,2021-01-31 13:33:01,25.2934,32.554,73.4,28,0,4.61
51,Pevek,RU,2021-01-31 13:32:58,69.7008,170.3133,-32.6,85,38,3.71
52,Gimli,CA,2021-01-31 13:33:01,50.6336,-96.9907,19.4,93,78,4.61
53,Kiruna,SE,2021-01-31 13:33:01,67.8557,20.2251,17.6,86,75,11.5
54,Matay,EG,2021-01-31 13:33:01,28.419,30.7792,75.15,22,0,0.72
55,Dikson,RU,2021-01-31 13:33:01,73.5069,80.5464,-31.79,78,6,7.58
56,Toora-Khem,RU,2021-01-31 13:33:01,52.4675,96.11,-17.28,85,6,1.59
57,Wuwei,CN,2021-01-31 13:28:09,37.9281,102.6414,26.11,68,0,3.58
58,Guozhen,CN,2021-01-31 13:31:11,34.3659,107.359,43.65,49,100,1.01
59,Male,MV,2021-01-31 13:33:02,4.1748,73.5089,84.2,79,75,14.97
60,Buchanan,LR,2021-01-31 13:33:02,5.8808,-10.0467,89.6,66,75,6.91
61,Laranjeiras Do Sul,BR,2021-01-31 13:33:02,-25.4078,-52.4161,69.51,99,100,5.28
62,Kruisfontein,ZA,2021-01-31 13:33:03,-34.0033,24.7314,81.0,54,0,7.0
63,Castro,BR,2021-01-31 13:28:27,-24.7911,-50.0119,70.66,83,100,10.13
64,Kodiak,US,2021-01-31 13:32:12,57.79,-152.4072,26.6,43,1,10.54
65,Sitka,US,2021-01-31 13:32:39,57.0531,-135.33,30.2,80,20,3.44
66,Komsomolskiy,UZ,2021-01-31 13:33:03,40.4272,71.7189,46.4,34,100,2.3
67,Krynychky,UA,2021-01-31 13:33:03,48.3755,34.467,33.01,69,0,8.95
68,Izhma,RU,2021-01-31 13:33:03,65.0083,53.9113,21.25,96,100,8.61
69,Bredasdorp,ZA,2021-01-31 13:32:07,-34.5322,20.0403,80.01,60,0,8.99
70,Kenai,US,2021-01-31 13:33:04,60.5544,-151.2583,3.99,77,1,3.44
71,Alanya,TR,2021-01-31 13:33:04,36.5438,31.9998,66.2,59,0,6.91
72,Katsuura,JP,2021-01-31 13:33:04,35.1333,140.3,43.0,42,20,9.22
73,Yuzha,RU,2021-01-31 13:33:04,56.5831,42.0122,32.47,98,100,11.3
74,Tucurui,BR,2021-01-31 13:31:10,-3.7661,-49.6725,81.37,78,100,3.4
75,El Carmen,CO,2021-01-31 13:33:05,8.5106,-73.4478,75.02,63,68,3.87
76,Bogolyubovo,RU,2021-01-31 13:33:05,56.1956,40.5297,24.82,98,100,10.71
77,Butaritari,KI,2021-01-31 13:33:05,3.0707,172.7902,80.67,82,30,13.51
78,Wysokie Mazowieckie,PL,2021-01-31 13:33:05,52.9166,22.5171,28.0,80,91,10.42
79,Brufut,GM,2021-01-31 13:33:05,13.3814,-16.7518,95.0,18,0,12.66
80,Banda Aceh,ID,2021-01-31 13:28:13,5.5577,95.3222,79.2,79,100,13.78
81,San Andres,CO,2021-01-31 13:30:09,12.5847,-81.7006,80.6,74,40,11.5
82,Waipawa,NZ,2021-01-31 13:33:06,-41.4122,175.5153,59.0,77,14,14.97
83,Te Anau,NZ,2021-01-31 13:32:49,-45.4167,167.7167,51.24,86,94,3.33
84,Port Hawkesbury,CA,2021-01-31 13:33:06,45.6169,-61.3485,32.0,93,90,12.66
85,Goundam,ML,2021-01-31 13:33:06,16.4145,-3.6708,88.45,11,100,9.19
86,Jos,NG,2021-01-31 13:33:06,9.9167,8.9,89.47,12,6,4.94
87,Bathsheba,BB,2021-01-31 13:33:06,13.2167,-59.5167,82.4,61,40,21.85
88,Verkhniye Sergi,RU,2021-01-31 13:33:06,56.6469,59.5556,18.93,97,82,4.29
89,Mar Del Plata,AR,2021-01-31 13:30:00,-38.0023,-57.5575,62.6,59,75,17.27
90,Joshimath,IN,2021-01-31 13:33:07,30.5667,79.5667,41.29,46,0,5.01
91,Thompson,CA,2021-01-31 13:33:07,55.7435,-97.8558,12.2,85,90,2.39
92,Znamenskoye,RU,2021-01-31 13:33:07,57.1281,73.8282,5.92,95,100,6.69
93,Tiksi,RU,2021-01-31 13:29:48,71.6872,128.8694,-25.42,87,100,6.38
94,Lamu,KE,2021-01-31 13:33:07,-2.2717,40.902,82.4,69,1,17.27
95,Pacific Grove,US,2021-01-31 13:33:07,36.6177,-121.9166,44.6,87,1,6.91
96,Sola,VU,2021-01-31 13:33:08,-13.8833,167.55,78.8,94,75,7.4
97,Punta Arenas,CL,2021-01-31 13:32:04,-53.15,-70.9167,53.6,58,0,25.32
98,Narsaq,GL,2021-01-31 13:34:23,60.9167,-46.05,39.2,28,40,32.21
99,Kamaishi,JP,2021-01-31 13:34:23,39.2667,141.8833,23.85,89,3,8.9
100,Najran,SA,2021-01-31 13:34:24,17.4924,44.1277,75.2,22,0,11.5
101,Acajutla,SV,2021-01-31 13:31:55,13.5928,-89.8275,64.4,94,0,5.26
102,Ponta Do Sol,PT,2021-01-31 13:32:49,32.6667,-17.1,68.0,60,20,4.61
103,Vikhorevka,RU,2021-01-31 13:34:24,56.1201,101.1636,-32.01,75,0,1.48
104,Taoudenni,ML,2021-01-31 13:34:24,22.6783,-3.9836,85.59,13,0,4.45
105,Hami,CN,2021-01-31 13:34:24,42.8,93.45,25.99,80,0,4.45
106,Fukuma,JP,2021-01-31 13:34:24,33.7667,130.4667,44.6,65,0,5.75
107,Kahramanmaras,TR,2021-01-31 13:29:31,38.0,37.0,51.8,62,40,2.3
108,Qaanaaq,GL,2021-01-31 13:32:43,77.484,-69.3632,-3.14,88,100,1.83
109,Puerto Escondido,MX,2021-01-31 13:34:25,15.85,-97.0667,69.8,88,40,9.22
110,Kiama,AU,2021-01-31 13:34:25,-34.6833,150.8667,70.0,94,100,4.76
111,Portland,US,2021-01-31 13:30:00,45.5234,-122.6762,46.99,87,90,13.8
112,Faanui,PF,2021-01-31 13:34:25,-16.4833,-151.75,80.8,76,100,11.21
113,Sao Filipe,CV,2021-01-31 13:30:23,14.8961,-24.4956,76.82,56,11,9.13
114,Hilo,US,2021-01-31 13:32:48,19.7297,-155.09,68.0,88,90,5.75
115,Sorland,NO,2021-01-31 13:34:26,67.667,12.6934,23.0,68,0,10.36
116,Santiago,CL,2021-01-31 13:30:01,-33.4569,-70.6483,71.01,82,90,4.61
117,Torbay,CA,2021-01-31 13:34:26,47.6666,-52.7314,33.01,100,90,12.66
118,Manicore,BR,2021-01-31 13:34:26,-5.8092,-61.3003,77.0,88,75,3.44
119,Yellowknife,CA,2021-01-31 13:31:41,62.456,-114.3525,-13.0,77,75,5.75
120,Lagoa,PT,2021-01-31 13:34:26,39.05,-27.9833,62.1,93,100,18.68
121,Moose Factory,CA,2021-01-31 13:34:27,51.2585,-80.6094,-7.6,84,90,2.13
122,Reading,GB,2021-01-31 13:34:27,51.4562,-0.9711,39.0,81,75,8.05
123,Muros,ES,2021-01-31 13:34:27,42.7762,-9.0603,60.01,90,100,8.01
124,Ribeira Grande,PT,2021-01-31 13:34:27,38.5167,-28.7,62.6,100,75,11.5
125,Yangambi,CD,2021-01-31 13:34:27,0.8102,24.4336,94.24,27,92,1.61
126,Barentu,ER,2021-01-31 13:34:27,15.1139,37.5928,87.62,23,0,15.5
127,New Norfolk,AU,2021-01-31 13:34:27,-42.7826,147.0587,62.01,63,82,2.1
128,Longyearbyen,SJ,2021-01-31 13:34:27,78.2186,15.6401,-4.0,50,20,19.57
129,San Cristobal,VE,2021-01-31 13:34:28,7.7669,-72.225,77.0,65,40,2.3
130,Wangqing,CN,2021-01-31 13:34:28,43.3218,129.7634,11.21,94,100,3.89
131,Jamestown,US,2021-01-31 13:32:14,42.097,-79.2353,25.0,86,90,5.75
132,Nome,US,2021-01-31 13:34:28,64.5011,-165.4064,-2.2,55,75,8.05
133,Yaan,NG,2021-01-31 13:34:28,7.3833,8.5667,101.23,8,6,5.39
134,Sorong,ID,2021-01-31 13:34:28,-0.8833,131.25,80.87,79,100,7.18
135,Liverpool,GB,2021-01-31 13:32:50,53.4106,-2.9779,39.2,65,100,12.66
136,Codrington,AU,2021-01-31 13:34:29,-38.2667,141.9667,53.46,85,0,7.96
137,Juegang,CN,2021-01-31 13:34:29,32.3174,121.1855,54.0,74,100,5.61
138,Lompoc,US,2021-01-31 13:34:29,34.6391,-120.4579,48.99,93,1,4.61
139,Canchungo,GW,2021-01-31 13:34:29,12.0672,-16.0333,95.0,23,0,8.05
140,Henties Bay,NA,2021-01-31 13:34:29,-22.116,14.2845,65.88,77,86,13.06
141,Prieska,ZA,2021-01-31 13:34:29,-29.6641,22.7474,94.6,9,0,22.57
142,Zhangye,CN,2021-01-31 13:34:29,38.9342,100.4517,24.15,68,0,4.7
143,Guerrero Negro,MX,2021-01-31 13:34:29,27.9769,-114.0611,54.07,66,79,4.47
144,Constitucion,CL,2021-01-31 13:34:30,-35.3333,-72.4167,65.71,74,5,3.33
145,Nanortalik,GL,2021-01-31 13:34:30,60.1432,-45.2371,31.42,90,100,6.67
146,Fortuna,US,2021-01-31 13:34:30,40.5982,-124.1573,54.0,87,90,25.32
147,Lyaskelya,RU,2021-01-31 13:34:30,61.7667,31.0167,18.09,97,99,3.24
148,Northam,GB,2021-01-31 13:34:30,51.0333,-4.2167,41.0,93,100,5.01
149,Tual,ID,2021-01-31 13:34:30,-5.6667,132.75,83.19,75,100,11.65
150,Urubicha,BO,2021-01-31 13:34:31,-15.3833,-62.95,85.96,57,91,6.02
151,Ballina,AU,2021-01-31 13:30:00,-28.8667,153.5667,71.6,94,90,2.3
152,Tromso,NO,2021-01-31 13:30:59,69.6496,18.957,21.99,93,40,2.3
153,Buluang,PH,2021-01-31 13:34:31,13.3068,123.3425,72.21,88,85,5.39
154,Alexander City,US,2021-01-31 13:34:31,32.944,-85.9539,57.99,100,90,9.22
155,Awjilah,LY,2021-01-31 13:34:31,29.1081,21.2869,79.43,17,0,14.5
156,Temirtau,KZ,2021-01-31 13:30:07,50.0544,72.9483,15.8,73,0,8.95
157,Thunder Bay,CA,2021-01-31 13:34:32,48.4001,-89.3168,24.01,93,90,6.91
158,Kelvington,CA,2021-01-31 13:34:32,52.1667,-103.5343,14.0,79,93,4.61
159,Acapulco,MX,2021-01-31 13:32:19,16.8634,-99.8901,75.2,94,40,3.18
160,Bulgan,MN,2021-01-31 13:34:32,48.8125,103.5347,-8.07,89,95,0.76
161,Berezovyy,RU,2021-01-31 13:34:33,51.6667,135.7,-19.01,77,0,5.64
162,Tuatapere,NZ,2021-01-31 13:34:33,-46.1333,167.6833,53.98,82,100,4.74
163,Nuuk,GL,2021-01-31 13:34:33,64.1835,-51.7216,15.8,79,20,14.97
164,Genhe,CN,2021-01-31 13:34:33,50.7833,121.5167,-24.03,83,1,3.8
165,Borodino,RU,2021-01-31 13:34:33,55.9106,94.8983,-34.51,82,0,3.71
166,Tuktoyaktuk,CA,2021-01-31 13:34:33,69.4541,-133.0374,-19.89,85,100,1.63
167,Provideniya,RU,2021-01-31 13:34:33,64.3833,-173.3,-7.98,88,100,23.06
168,Amapa,BR,2021-01-31 13:32:28,1.0,-52.0,78.17,91,90,3.36
169,Lebu,CL,2021-01-31 13:32:23,-37.6167,-73.65,62.33,69,0,9.6
170,Bambous Virieux,MU,2021-01-31 13:30:22,-20.3428,57.7575,86.0,66,75,11.5
171,Corpus Christi,US,2021-01-31 13:31:08,27.8006,-97.3964,64.0,94,1,6.91
172,Georgetown,MY,2021-01-31 13:34:34,5.4112,100.3354,84.2,74,40,1.14
173,Khandyga,RU,2021-01-31 13:34:34,62.6667,135.6,-50.4,76,80,1.95
174,Bahia De Caraquez,EC,2021-01-31 13:34:34,-0.6,-80.4167,79.47,80,54,2.48
175,Jimenez,MX,2021-01-31 13:34:34,28.3333,-105.4,35.6,75,1,8.05
176,Mongo,TD,2021-01-31 13:34:35,12.1844,18.693,97.41,10,0,5.46
177,Sakakah,SA,2021-01-31 13:34:35,29.9697,40.2064,69.8,18,0,11.5
178,Rezh,RU,2021-01-31 13:34:35,57.37,61.4043,18.66,97,77,4.18
179,Beringovskiy,RU,2021-01-31 13:34:35,63.05,179.3167,7.45,94,100,26.55
180,Madison Heights,US,2021-01-31 13:34:32,42.4859,-83.1052,26.01,100,90,12.66
181,Vila Franca Do Campo,PT,2021-01-31 13:34:35,37.7167,-25.4333,64.0,94,75,11.5
182,Chapais,CA,2021-01-31 13:32:40,49.7834,-74.8492,-7.6,84,90,3.44
183,Severo-Kurilsk,RU,2021-01-31 13:32:20,50.6789,156.125,22.28,94,100,40.53
184,Husavik,IS,2021-01-31 13:34:36,66.0449,-17.3389,10.4,79,0,6.91
185,Ca Mau,VN,2021-01-31 13:34:36,9.1769,105.15,76.77,71,94,6.67
186,Krasnoarmeysk,RU,2021-01-31 13:34:36,51.0239,45.6969,28.0,97,100,7.0
187,Zunyi,CN,2021-01-31 13:34:37,27.6867,106.9072,44.31,79,99,4.05
188,Nantucket,US,2021-01-31 13:29:41,41.2835,-70.0995,21.0,93,40,10.36
189,Muli,MV,2021-01-31 13:34:37,2.9167,73.5667,82.17,78,51,15.1
190,Sabang,ID,2021-01-31 13:34:37,5.8933,95.3214,81.82,75,75,22.21
191,Chongoyape,PE,2021-01-31 13:34:37,-6.6406,-79.3892,71.6,73,0,10.36
192,Pangody,RU,2021-01-31 13:34:37,65.85,74.4859,-8.0,90,100,13.94
193,Sioux Lookout,CA,2021-01-31 13:34:37,50.1001,-91.917,21.2,93,90,3.44
194,Limoux,FR,2021-01-31 13:34:38,42.9167,2.1667,55.4,76,90,26.46
195,Antofagasta,CL,2021-01-31 13:34:38,-23.65,-70.4,73.99,73,40,6.91
196,East London,ZA,2021-01-31 13:32:27,-33.0153,27.9116,80.6,74,40,6.91
197,Isangel,VU,2021-01-31 13:30:14,-19.55,169.2667,77.0,94,75,15.1
198,Raudeberg,NO,2021-01-31 13:34:38,61.9875,5.1352,34.0,88,100,2.35
199,Inhambane,MZ,2021-01-31 13:34:38,-23.865,35.3833,91.0,62,20,11.5
200,Yulara,AU,2021-01-31 13:34:38,-25.2406,130.9889,93.2,24,75,9.22
201,Jalu,LY,2021-01-31 13:34:38,29.0331,21.5482,79.48,17,0,14.32
202,Srednekolymsk,RU,2021-01-31 13:34:39,67.45,153.6833,-33.72,83,100,5.59
203,Conakry,GN,2021-01-31 13:34:39,9.538,-13.6773,81.37,61,1,6.73
204,Viedma,AR,2021-01-31 13:34:39,-40.8135,-62.9967,70.0,55,0,4.0
205,Dudinka,RU,2021-01-31 13:34:39,69.4058,86.1778,-26.84,78,78,8.97
206,Nioro,GM,2021-01-31 13:34:39,13.35,-15.75,101.57,7,51,11.68
207,Omboue,GA,2021-01-31 13:34:40,-1.5746,9.2618,81.77,78,97,8.68
208,Churapcha,RU,2021-01-31 13:34:40,62.0025,132.4325,-46.61,77,80,4.03
209,Kamenka,RU,2021-01-31 13:34:40,51.3223,42.7678,35.01,95,100,3.0
210,Sava,IT,2021-01-31 13:34:40,40.4034,17.5584,57.0,87,75,5.75
211,Magadan,RU,2021-01-31 13:34:40,59.5667,150.8,-14.46,80,100,11.86
212,Plettenberg Bay,ZA,2021-01-31 13:34:40,-34.0527,23.3716,75.94,56,0,5.73
213,Chupa,RU,2021-01-31 13:34:40,66.27,33.0549,12.36,96,100,1.54
214,Kosh-Agach,RU,2021-01-31 13:34:41,50.0,88.6667,-6.14,81,47,1.21
215,Iglesias,IT,2021-01-31 13:34:41,39.3114,8.535,57.99,77,40,16.11
216,Biak,ID,2021-01-31 13:34:41,-0.9131,122.8766,78.22,75,100,6.04
217,Pimentel,PE,2021-01-31 13:34:41,-6.8367,-79.9342,71.6,73,0,10.36
218,Naze,JP,2021-01-31 13:34:41,28.3667,129.4833,57.18,63,9,8.66
219,Praia,CV,2021-01-31 13:34:41,14.9215,-23.5087,78.8,50,0,18.41
220,Hithadhoo,MV,2021-01-31 13:33:19,-0.6,73.0833,82.89,75,100,14.18
221,Risor,NO,2021-01-31 13:34:43,58.7206,9.2342,30.0,77,0,1.99
222,Gigmoto,PH,2021-01-31 13:34:43,13.7796,124.39,76.33,81,100,15.14
223,Eureka,US,2021-01-31 13:34:33,40.8021,-124.1637,55.4,62,90,21.85
224,El Vigia,VE,2021-01-31 13:34:43,8.6219,-71.6506,80.2,62,47,4.16
225,Gohana,IN,2021-01-31 13:34:43,29.1333,76.7,56.59,37,0,2.28
226,Batman,TR,2021-01-31 13:30:21,37.8874,41.1322,42.8,87,90,6.91
227,Tiarei,PF,2021-01-31 13:34:44,-17.5333,-149.3333,77.0,65,75,3.44
228,Dryden,CA,2021-01-31 13:34:44,49.7833,-92.7503,23.0,93,90,8.05
229,Porto Novo,BJ,2021-01-31 13:34:44,6.4965,2.6036,89.6,70,40,12.66
230,Faya,SA,2021-01-31 13:34:44,18.3851,42.4509,68.0,45,20,14.97
231,Bethel,US,2021-01-31 13:34:44,41.3712,-73.414,14.0,67,1,5.75
232,Cabo San Lucas,MX,2021-01-31 13:34:44,22.8909,-109.9124,62.6,88,20,2.3
233,Xinqing,CN,2021-01-31 13:34:44,48.2333,129.5,-8.48,87,100,4.72
234,Mani,CO,2021-01-31 13:34:44,4.8172,-72.2886,87.21,42,76,13.6
235,Vostok,RU,2021-01-31 13:34:45,46.4856,135.8833,-18.58,85,5,4.27
236,Richards Bay,ZA,2021-01-31 13:30:38,-28.783,32.0377,89.74,60,0,13.87
237,San Patricio,US,2021-01-31 13:29:45,28.017,-97.5169,57.2,94,1,6.91
238,Ulcinj,ME,2021-01-31 13:34:45,41.9294,19.2244,53.6,93,90,4.61
239,Benghazi,LY,2021-01-31 13:34:45,32.1167,20.0667,67.82,52,0,17.81
240,Geraldton,AU,2021-01-31 13:34:45,-28.7667,114.6,78.8,53,0,19.57
241,Ouadda,CF,2021-01-31 13:34:45,8.0777,22.4007,98.26,13,0,6.13
242,Vardo,NO,2021-01-31 13:32:41,70.3705,31.1107,24.8,86,75,18.41
243,Kasempa,ZM,2021-01-31 13:34:45,-13.4584,25.8338,75.2,81,100,5.88
244,Lorengau,PG,2021-01-31 13:34:46,-2.0226,147.2712,82.69,79,100,10.22
245,Georgiyevka,KZ,2021-01-31 13:34:46,43.0369,74.7114,37.4,65,0,6.71
246,Celestun,MX,2021-01-31 13:34:46,20.8667,-90.4,68.63,79,73,10.2
247,Hobyo,SO,2021-01-31 13:34:46,5.3505,48.5268,78.28,65,98,17.67
248,Le Port,RE,2021-01-31 13:34:46,-20.9373,55.2919,84.2,65,90,14.97
249,Yar-Sale,RU,2021-01-31 13:34:46,66.8333,70.8333,-8.68,90,100,10.42
250,Quatre Cocos,MU,2021-01-31 13:34:47,-20.2078,57.7625,86.0,66,75,11.5
251,Formosa Do Rio Preto,BR,2021-01-31 13:34:47,-11.0483,-45.1931,90.45,39,0,5.84
252,Bafoulabe,ML,2021-01-31 13:34:47,13.8065,-10.8321,98.19,8,96,7.49
253,College,US,2021-01-31 13:31:02,64.8569,-147.8028,-5.8,71,90,0.27
254,Mareeba,AU,2021-01-31 13:34:47,-17.0,145.4333,77.0,94,75,8.05
255,Luderitz,NA,2021-01-31 13:34:47,-26.6481,15.1594,71.73,58,0,25.48
256,Haines Junction,CA,2021-01-31 13:34:47,60.7522,-137.5108,-23.8,76,85,0.98
257,Ponta Delgada,PT,2021-01-31 13:34:48,37.7333,-25.6667,64.0,94,75,11.5
258,Tsumeb,NA,2021-01-31 13:34:48,-19.2333,17.7167,73.4,73,100,6.91
259,Naujoji Akmene,LT,2021-01-31 13:34:48,56.3167,22.9,30.2,74,90,13.8
260,Le Pont-De-Claix,FR,2021-01-31 13:34:48,45.1244,5.7064,53.6,62,90,3.44
261,Dingle,PH,2021-01-31 13:34:48,10.9995,122.6711,74.01,87,68,10.09
262,Bodden Town,KY,2021-01-31 13:34:48,19.2833,-81.25,78.8,73,40,9.22
263,Labuhan,ID,2021-01-31 13:34:48,-6.8844,112.2051,79.43,85,100,10.87
264,Mayahi,NE,2021-01-31 13:34:49,13.9553,7.6712,89.2,11,6,6.26
265,Albina,SR,2021-01-31 13:34:49,5.5,-54.05,84.63,60,5,7.63
266,Rheinau,DE,2021-01-31 13:34:49,48.8667,8.2,41.0,93,90,4.61
267,San,ML,2021-01-31 13:34:49,13.3034,-4.8956,94.91,9,7,7.81
268,Mtwara,TZ,2021-01-31 13:34:49,-10.2667,40.1833,82.35,78,63,12.95
269,Barcelos,PT,2021-01-31 13:29:54,41.5388,-8.6151,57.2,100,90,9.22
270,Briancon,FR,2021-01-31 13:34:50,44.9,6.65,55.0,41,11,5.01
271,Bulawayo,ZW,2021-01-31 13:34:50,-20.15,28.5833,77.61,68,98,6.4
272,Caravelas,BR,2021-01-31 13:32:30,-17.7125,-39.2481,84.94,60,6,8.88
273,Kaitangata,NZ,2021-01-31 13:34:50,-46.2817,169.8464,61.0,91,100,1.99
274,Zhumadian,CN,2021-01-31 13:34:50,32.9794,114.0294,50.25,49,98,4.0
275,Mehamn,NO,2021-01-31 13:30:32,71.0357,27.8492,25.16,95,100,18.19
276,Camacha,PT,2021-01-31 13:34:50,33.0833,-16.3333,64.4,77,20,11.5
277,Pasni,PK,2021-01-31 13:34:50,25.2631,63.471,71.64,73,0,16.75
278,Carnarvon,AU,2021-01-31 13:29:55,-24.8667,113.6333,82.4,78,1,11.5
279,Kostino,RU,2021-01-31 13:34:51,58.9097,53.2691,30.04,97,100,14.81
280,Palmer,US,2021-01-31 13:34:35,42.1584,-72.3287,8.01,78,1,4.61
281,Buala,SB,2021-01-31 13:34:51,-8.145,159.5921,80.74,79,100,13.22
282,Port Elizabeth,ZA,2021-01-31 13:29:57,-33.918,25.5701,78.8,50,0,14.97
283,Jackson,US,2021-01-31 13:34:51,42.4165,-122.8345,51.8,43,1,21.85
284,Cubuk,TR,2021-01-31 13:34:51,40.2386,33.0322,42.01,75,75,4.61
285,Hualmay,PE,2021-01-31 13:34:51,-11.0964,-77.6139,74.73,68,62,10.22
286,Port-De-Bouc,FR,2021-01-31 13:34:52,43.4,4.9833,59.0,58,0,14.97
287,Tura,IN,2021-01-31 13:34:52,25.5198,90.2201,54.36,43,0,2.42
288,Kijang,KR,2021-01-31 13:34:02,35.2442,129.2139,46.4,49,75,3.44
289,Whyalla,AU,2021-01-31 13:32:07,-33.0333,137.5833,71.6,78,100,10.36
290,Conceicao Do Araguaia,BR,2021-01-31 13:34:52,-8.2578,-49.2647,88.05,61,97,2.68
291,Poum,NC,2021-01-31 13:34:53,-20.2333,164.0167,79.11,75,96,16.51
292,Hasaki,JP,2021-01-31 13:34:53,35.7333,140.8333,35.6,51,20,8.05
293,Tashigang,BT,2021-01-31 13:34:53,27.3331,91.5542,46.47,66,24,2.77
294,Mega,ET,2021-01-31 13:34:53,4.05,38.3,79.74,19,89,17.76
295,Cherskiy,RU,2021-01-31 13:34:53,68.75,161.3,-25.71,81,100,0.34
296,Bubaque,GW,2021-01-31 13:34:53,11.2833,-15.8333,78.87,64,89,11.21
297,Bengkulu,ID,2021-01-31 13:34:53,-3.8004,102.2655,77.49,85,100,4.56
298,Pedernales,DO,2021-01-31 13:34:53,18.0384,-71.744,79.66,51,0,1.9
299,Luau,AO,2021-01-31 13:34:54,-10.7073,22.2247,75.63,82,100,5.21
300,Vuktyl,RU,2021-01-31 13:34:54,63.8567,57.3094,13.01,95,100,10.71
301,Bandarbeyla,SO,2021-01-31 13:34:54,9.4942,50.8122,75.36,65,0,16.28
302,San Rafael,AR,2021-01-31 13:34:54,-34.6177,-68.3301,55.44,93,100,13.2
303,Mitsamiouli,KM,2021-01-31 13:34:55,-11.3847,43.2844,83.46,73,35,9.73
304,Santa Isabel,BR,2021-01-31 13:34:55,-23.3156,-46.2214,88.0,48,0,10.36
305,Hokitika,NZ,2021-01-31 13:34:55,-42.7167,170.9667,52.38,87,1,3.62
306,Presidente Epitacio,BR,2021-01-31 13:33:20,-21.7633,-52.1156,81.0,79,79,7.65
307,Puri,IN,2021-01-31 13:34:55,19.8,85.85,75.2,50,0,13.91
308,Korla,CN,2021-01-31 13:34:55,41.7597,86.1469,24.89,80,21,2.55
309,Madang,PG,2021-01-31 13:34:55,-5.2246,145.7966,76.89,92,100,4.47
310,Kuytun,RU,2021-01-31 13:33:14,54.3419,101.5036,-34.69,83,0,0.94
311,Kahului,US,2021-01-31 13:32:25,20.8947,-156.47,69.8,83,75,10.36
312,Baijiantan,CN,2021-01-31 13:34:56,45.6333,85.1833,9.28,91,75,1.28
313,Nkhotakota,MW,2021-01-31 13:34:56,-12.9274,34.2961,82.35,67,95,4.81
314,Pulivendla,IN,2021-01-31 13:34:56,14.4167,78.2333,79.56,37,1,10.69
315,Mujiayingzi,CN,2021-01-31 13:34:56,42.1167,118.7833,20.98,89,0,11.36
316,Amurzet,RU,2021-01-31 13:34:56,47.6967,131.0981,-9.0,87,100,5.35
317,Nabire,ID,2021-01-31 13:34:56,-3.3667,135.4833,77.2,89,100,0.69
318,Hamilton,US,2021-01-31 13:33:50,39.1834,-84.5333,36.0,93,90,8.05
319,General Roca,AR,2021-01-31 13:34:56,-39.0333,-67.5833,70.32,35,100,15.01
320,Maloy,NO,2021-01-31 13:34:57,61.9353,5.1136,34.0,100,75,6.91
321,San Jose,US,2021-01-31 13:30:58,37.3394,-121.895,52.0,62,90,5.01
322,Fairbanks,US,2021-01-31 13:30:00,64.8378,-147.7164,-5.8,77,90,0.96
323,Tecoanapa,MX,2021-01-31 13:34:57,16.5167,-98.75,73.98,72,97,1.86
324,Bintulu,MY,2021-01-31 13:34:57,3.1667,113.0333,80.6,94,40,2.3
325,Chifeng,CN,2021-01-31 13:34:58,42.2683,118.9636,19.2,89,4,8.95
326,Vandavasi,IN,2021-01-31 13:34:58,12.5,79.6167,84.2,70,40,10.36
327,Putina,PE,2021-01-31 13:34:58,-15.4667,-69.4333,49.8,64,10,6.96
328,La Palma,US,2021-01-31 13:34:58,33.8464,-118.0467,55.0,87,1,4.61
329,Mackenzie,CA,2021-01-31 13:34:58,55.2999,-123.1698,12.2,85,90,5.75
330,Mossoro,BR,2021-01-31 13:34:58,-5.1875,-37.3442,93.2,43,40,11.5
331,Noshiro,JP,2021-01-31 13:34:58,40.2039,140.0242,28.4,69,75,4.61
332,Haverfordwest,GB,2021-01-31 13:34:58,51.8017,-4.9691,36.0,100,75,12.66
333,Mao,ES,2021-01-31 13:34:58,39.8885,4.2658,59.0,58,20,18.41
334,Rantepao,ID,2021-01-31 13:34:59,-2.9701,119.8978,69.06,85,100,1.92
335,Hofn,IS,2021-01-31 13:34:59,64.2539,-15.2082,26.6,54,0,14.97
336,Lysyye Gory,RU,2021-01-31 13:34:59,51.5506,44.8414,35.31,98,100,20.0
337,Wamba,NG,2021-01-31 13:34:59,8.9333,8.6,100.9,8,19,3.98
338,Samarai,PG,2021-01-31 13:34:59,-10.6167,150.6667,82.83,74,98,15.39
339,Oranjemund,NA,2021-01-31 13:34:59,-28.55,16.4333,69.66,68,1,17.9
340,Caldas Novas,BR,2021-01-31 13:34:59,-17.7417,-48.625,78.93,63,100,3.74
341,Ola,RU,2021-01-31 13:35:00,59.5833,151.2833,-14.48,84,100,17.02
342,Kodinsk,RU,2021-01-31 13:35:00,58.6881,99.1844,-36.53,79,0,2.01
343,Salalah,OM,2021-01-31 13:34:30,17.0151,54.0924,77.0,57,20,8.05
344,Touros,BR,2021-01-31 13:35:00,-5.1989,-35.4608,86.0,62,40,16.11
345,Saldanha,ZA,2021-01-31 13:35:00,-33.0117,17.9442,69.46,81,74,11.99
346,Laguna,US,2021-01-31 13:35:00,38.421,-121.4238,48.99,81,90,4.79
347,Yelan,RU,2021-01-31 13:35:01,50.949,43.7378,35.89,99,100,19.69
348,Souillac,MU,2021-01-31 13:35:01,-20.5167,57.5167,86.0,66,75,11.5
349,Balabac,PH,2021-01-31 13:35:01,7.9868,117.0645,80.35,77,84,17.76
350,Oktyabrskoye,RU,2021-01-31 13:35:01,43.0645,44.7417,42.8,75,40,8.95
351,Elban,RU,2021-01-31 13:35:01,50.1018,136.5094,-15.5,87,91,6.76
352,Pisco,PE,2021-01-31 13:34:21,-13.7,-76.2167,71.6,73,0,10.36
353,Taksimo,RU,2021-01-31 13:35:02,56.3444,114.8794,-20.27,78,100,4.52
354,Mildura,AU,2021-01-31 13:35:02,-34.2,142.15,69.8,52,100,1.14
355,Waitati,NZ,2021-01-31 13:35:02,-45.75,170.5667,60.01,87,87,5.99
356,Khrebtovaya,RU,2021-01-31 13:35:02,56.7032,104.2494,-37.86,83,25,2.64
357,Pathein,MM,2021-01-31 13:32:28,16.7833,94.7333,75.24,54,56,10.07
358,Byron Bay,AU,2021-01-31 13:35:03,-28.65,153.6167,71.6,94,90,2.3
359,Arsikere,IN,2021-01-31 13:35:03,13.3139,76.2561,76.91,31,31,4.97
360,La Ronge,CA,2021-01-31 13:35:03,55.1001,-105.2842,12.2,85,38,3.44
361,Aksarka,RU,2021-01-31 13:35:03,66.5606,67.7975,-10.39,90,100,8.1
362,Pingliang,CN,2021-01-31 13:35:04,35.5392,106.6861,26.01,73,100,1.99
363,Shaunavon,CA,2021-01-31 13:35:04,49.6501,-108.4181,17.6,79,0,5.75
364,Nanakuli,US,2021-01-31 13:35:04,21.3906,-158.1547,71.6,83,20,3.44
365,Chicama,PE,2021-01-31 13:35:04,-7.8447,-79.1469,68.0,88,1,6.91
366,Airai,TL,2021-01-31 13:35:04,-8.9266,125.4092,61.77,100,100,3.09
367,Bonnyville,CA,2021-01-31 13:35:04,54.2668,-110.735,-5.8,70,1,4.83
368,Tessalit,ML,2021-01-31 13:35:04,20.1986,1.0114,82.74,11,99,6.31
369,Guanica,PR,2021-01-31 13:35:04,17.9716,-66.908,79.0,80,64,13.42
370,Cradock,ZA,2021-01-31 13:35:05,-32.1642,25.6192,94.8,9,0,19.33
371,Jeremie,HT,2021-01-31 13:35:05,18.65,-74.1167,77.23,74,65,10.85
372,Mawlaik,MM,2021-01-31 13:35:05,23.6333,94.4167,64.18,47,51,1.28
373,Grand Gaube,MU,2021-01-31 13:35:05,-20.0064,57.6608,84.0,66,28,11.99
374,Ketchikan,US,2021-01-31 13:35:05,55.3422,-131.6461,33.8,93,75,4.99
375,Kaseda,JP,2021-01-31 13:35:05,31.4167,130.3167,41.0,70,20,4.61
376,Chatakonda,IN,2021-01-31 13:35:05,17.55,80.65,76.86,42,77,2.98
377,Kalmar,SE,2021-01-31 13:35:06,56.6616,16.3616,28.99,86,40,5.75
378,Chokurdakh,RU,2021-01-31 13:35:06,70.6333,147.9167,-29.85,85,55,10.2
379,Vejprty,CZ,2021-01-31 13:35:06,50.4923,13.0321,26.01,78,0,15.01
380,Saint George,US,2021-01-31 13:30:06,37.1041,-113.5841,28.4,93,1,3.38
381,Tarko-Sale,RU,2021-01-31 13:35:06,64.9225,77.785,-8.54,89,100,19.33
382,Wattegama,LK,2021-01-31 13:35:06,6.7989,81.4808,77.0,100,75,5.75
383,Vao,NC,2021-01-31 13:35:07,-22.6667,167.4833,76.39,78,100,26.62
384,Olafsvik,IS,2021-01-31 13:35:07,64.8945,-23.7142,24.67,89,100,7.09
385,Jablah,SY,2021-01-31 13:31:25,35.3614,35.9256,64.4,72,40,6.91
386,Tateyama,JP,2021-01-31 13:35:07,34.9833,139.8667,43.0,33,58,5.99
387,Jacmel,HT,2021-01-31 13:35:07,18.2342,-72.5347,75.2,73,20,8.05
388,Klaksvik,FO,2021-01-31 13:35:07,62.2266,-6.589,32.0,69,75,10.36
389,Abu Samrah,SY,2021-01-31 13:35:07,35.3029,37.1841,58.51,62,6,10.47
390,Rurrenabaque,BO,2021-01-31 13:35:07,-14.4413,-67.5278,83.86,62,100,4.29
391,Cockburn Town,TC,2021-01-31 13:35:08,21.4612,-71.1419,74.05,74,100,23.2
392,Pyay,MM,2021-01-31 13:35:08,18.8167,95.2167,73.44,36,0,4.7
393,Fortuna Foothills,US,2021-01-31 13:33:05,32.6578,-114.4119,51.8,76,1,3.44
394,Broome,US,2021-01-31 13:32:13,42.2506,-75.833,10.4,85,1,4.61
395,Reconquista,AR,2021-01-31 13:35:08,-29.15,-59.65,76.15,60,62,9.75
396,Jibuti,DJ,2021-01-31 13:33:10,11.5,42.5,80.6,61,1,11.5
397,Rancho Palos Verdes,US,2021-01-31 13:35:08,33.7445,-118.387,48.2,61,1,6.91
398,Pondicherry,IN,2021-01-31 13:35:08,11.93,79.83,84.2,70,40,10.36
399,Goderich,CA,2021-01-31 13:35:09,43.7501,-81.7165,23.0,80,100,21.85
400,Yarmouth,US,2021-01-31 13:35:09,41.7057,-70.2286,23.0,73,90,4.61
401,Sturgis,US,2021-01-31 13:35:09,41.7992,-85.4192,28.4,86,90,17.27
402,Leningradskiy,RU,2021-01-31 13:35:09,69.3833,178.4167,-25.64,83,41,6.87
403,Bertrix,BE,2021-01-31 13:35:09,49.856,5.2554,39.0,97,100,3.0
404,Mayo,US,2021-01-31 13:35:10,38.8876,-76.5119,33.8,80,90,9.22
405,Svetlogorsk,BY,2021-01-31 13:35:10,52.6333,29.7333,24.94,95,92,11.43
406,Huarmey,PE,2021-01-31 13:33:25,-10.0681,-78.1522,75.18,66,21,7.94
407,Bilibino,RU,2021-01-31 13:35:10,68.0546,166.4372,-17.41,81,100,5.93
408,Doha,QA,2021-01-31 13:31:44,25.2867,51.5333,71.6,40,0,12.66
409,Busca,IT,2021-01-31 13:35:12,44.5181,7.4743,51.8,66,2,2.3
410,Belmonte,BR,2021-01-31 13:35:12,-15.8631,-38.8828,82.4,69,40,9.22
411,Port Blair,IN,2021-01-31 13:35:12,11.6667,92.75,80.2,78,0,10.18
412,Gat,IL,2021-01-31 13:35:12,31.61,34.7642,66.99,57,0,1.99
413,Bundaberg,AU,2021-01-31 13:35:12,-24.85,152.35,77.0,78,75,6.91
414,Gafanha Da Encarnacao,PT,2021-01-31 13:35:12,40.6181,-8.733,61.0,100,90,9.22
415,Cullman,US,2021-01-31 13:35:12,34.1748,-86.8436,55.0,100,90,6.91
416,Tuim,RU,2021-01-31 13:35:12,54.3417,89.9261,-14.6,84,73,3.02
417,Iqaluit,CA,2021-01-31 13:34:36,63.7506,-68.5145,-14.8,76,75,4.21
418,Nyahururu,KE,2021-01-31 13:35:13,0.0421,36.3673,69.28,25,98,15.17
419,Talnakh,RU,2021-01-31 13:35:13,69.4865,88.3972,-29.07,71,4,9.13
420,Saint-Joseph,RE,2021-01-31 13:35:13,-21.3667,55.6167,86.0,66,0,28.77
421,Ancud,CL,2021-01-31 13:30:26,-41.8697,-73.8203,68.0,67,0,5.75
422,Harper,LR,2021-01-31 13:33:11,4.375,-7.7169,82.51,79,36,7.34
423,Sisimiut,GL,2021-01-31 13:35:13,66.9395,-53.6735,4.15,84,27,7.87
424,Seoul,KR,2021-01-31 13:35:13,37.5683,126.9778,42.8,65,75,5.75
425,Erenhot,CN,2021-01-31 13:35:14,43.6475,111.9767,0.77,90,1,13.51
426,Muncar,ID,2021-01-31 13:35:14,-8.4333,114.3333,77.77,86,100,3.91
427,Kirakira,SB,2021-01-31 13:35:14,-10.4544,161.9205,76.78,84,100,5.37
428,Nizhnekamsk,RU,2021-01-31 13:35:14,55.6366,51.8245,30.2,69,0,13.42
429,Kulhudhuffushi,MV,2021-01-31 13:35:14,6.6221,73.07,82.17,73,61,8.61
430,Vila Velha,BR,2021-01-31 13:31:12,-20.3297,-40.2925,89.01,55,40,11.5
431,Paralimni,CY,2021-01-31 13:35:14,35.0375,33.9833,68.0,68,20,18.41
432,Kattivakkam,IN,2021-01-31 13:35:14,13.2167,80.3167,80.6,69,20,9.22
433,Swellendam,ZA,2021-01-31 13:35:15,-34.0226,20.4417,90.93,25,0,22.46
434,Kissidougou,GN,2021-01-31 13:35:15,9.1848,-10.0999,96.33,10,20,7.23
435,Rocha,UY,2021-01-31 13:35:15,-34.4833,-54.3333,64.72,87,100,13.58
436,Padang,ID,2021-01-31 13:31:08,-0.9492,100.3543,78.78,75,100,3.56
437,Beloha,MG,2021-01-31 13:30:29,-25.1667,45.05,88.72,54,17,12.93
438,Kristiansund,NO,2021-01-31 13:35:16,63.1115,7.732,30.2,93,75,9.22
439,Iranshahr,IR,2021-01-31 13:35:16,27.2025,60.6848,77.0,25,0,4.61
440,Tobol,KZ,2021-01-31 13:35:16,52.6844,62.5794,9.18,95,0,6.38
441,Atar,MR,2021-01-31 13:35:16,20.5169,-13.0499,78.8,18,43,11.5
442,Nakusp,CA,2021-01-31 13:35:16,50.2499,-117.8023,32.0,93,100,2.37
443,Mbandaka,CD,2021-01-31 13:35:16,0.0487,18.2603,88.68,48,64,1.97
444,Nelson Bay,AU,2021-01-31 13:35:17,-32.7167,152.15,72.0,100,90,8.05
445,Copiapo,CL,2021-01-31 13:35:17,-27.3667,-70.3333,62.6,88,90,12.66
446,Middle Island,US,2021-01-31 13:35:17,40.8843,-72.9373,19.0,62,1,6.91
447,Mirnyy,RU,2021-01-31 13:35:17,62.5353,113.9611,-33.05,84,100,1.66
448,Bonthe,SL,2021-01-31 13:35:17,7.5264,-12.505,87.96,55,100,10.07
449,Mitu,CO,2021-01-31 13:35:17,1.1983,-70.1733,78.48,79,66,2.44
450,North Valley,US,2021-01-31 13:35:18,35.1734,-106.6234,27.0,74,1,3.44
451,Kangaatsiaq,GL,2021-01-31 13:35:18,68.3065,-53.4641,4.87,95,100,10.27
452,Cayenne,GF,2021-01-31 13:35:18,4.9333,-52.3333,82.4,78,75,13.8
453,Mbarara,UG,2021-01-31 13:35:18,-0.608,30.65,78.91,48,100,7.61
454,Nizhniy Tsasuchey,RU,2021-01-31 13:35:18,50.5167,115.1333,-15.72,83,0,9.15
455,Mount Isa,AU,2021-01-31 13:32:28,-20.7333,139.5,89.6,31,100,6.91
456,Kirksville,US,2021-01-31 13:35:18,40.1948,-92.5833,32.0,80,90,17.27
457,Alice Springs,AU,2021-01-31 13:30:28,-23.7,133.8833,89.01,29,40,5.75
458,Shagonar,RU,2021-01-31 13:35:19,51.5333,92.8,-4.9,85,4,1.95
459,Lata,PT,2021-01-31 13:35:19,40.1629,-8.3327,61.0,94,100,5.01
460,Octeville,FR,2021-01-31 13:35:19,49.6261,-1.6435,46.99,93,90,7.61
461,Pangkalanbuun,ID,2021-01-31 13:35:19,-2.6833,111.6167,75.87,94,95,2.71
462,Fare,PF,2021-01-31 13:35:19,-16.7,-151.0167,80.74,75,76,10.47
463,Vanavara,RU,2021-01-31 13:35:19,60.34,102.2797,-36.15,82,7,4.32
464,Zlitan,LY,2021-01-31 13:35:19,32.4674,14.5687,69.58,39,100,16.58
465,Taunggyi,MM,2021-01-31 13:33:28,20.7833,97.0333,53.67,55,50,3.15
466,Halifax,CA,2021-01-31 13:35:20,44.6453,-63.5724,23.0,80,56,6.91
467,Vallenar,CL,2021-01-31 13:35:20,-28.5708,-70.7581,77.59,39,0,6.02
468,The Pas,CA,2021-01-31 13:35:20,53.8251,-101.2541,15.8,86,90,3.44
469,Mount Gambier,AU,2021-01-31 13:35:20,-37.8333,140.7667,53.6,87,0,5.75
470,Gulu,UG,2021-01-31 13:35:20,2.7746,32.299,94.96,13,100,8.03
471,Qunduz,AF,2021-01-31 13:35:20,36.729,68.857,51.51,62,100,7.18
472,Dzerzhinsk,RU,2021-01-31 13:35:21,56.2389,43.4631,33.8,93,90,11.18
473,Bud,US,2021-01-31 13:35:21,39.447,-86.1758,35.01,98,100,10.94
474,Noumea,NC,2021-01-31 13:35:21,-22.2763,166.4572,79.0,88,40,3.44
475,Lively,CA,2021-01-31 13:35:21,46.4334,-81.1498,-4.0,77,1,11.5
476,Slave Lake,CA,2021-01-31 13:35:21,55.2834,-114.769,-2.2,84,1,9.22
477,Galdar,ES,2021-01-31 13:35:21,28.147,-15.6502,71.6,60,20,28.77
478,Atbasar,KZ,2021-01-31 13:35:22,51.8,68.3333,17.92,93,100,6.91
479,Clyde River,CA,2021-01-31 13:35:22,70.4692,-68.5914,6.8,72,90,24.16
480,Jizan,SA,2021-01-31 13:35:22,17.3333,42.6667,84.2,61,0,10.36
481,Rawson,AR,2021-01-31 13:30:28,-43.3002,-65.1023,72.66,32,36,17.81
482,San Quintin,MX,2021-01-31 13:35:23,30.4833,-115.95,53.96,78,98,1.81
483,Sibolga,ID,2021-01-31 13:35:23,1.7427,98.7792,78.3,81,76,2.08
484,Durban,ZA,2021-01-31 13:33:27,-29.8579,31.0292,82.4,78,75,13.8
485,Ylivieska,FI,2021-01-31 13:35:23,64.0833,24.55,24.01,92,100,3.06
486,Siguiri,GN,2021-01-31 13:35:24,11.6667,-9.5,98.11,8,74,6.26
487,Anqing,CN,2021-01-31 13:35:24,30.5092,117.0506,49.1,86,100,1.39
488,Itarema,BR,2021-01-31 13:35:24,-2.9248,-39.9167,87.17,60,82,14.81
489,Xinzhou,CN,2021-01-31 13:35:24,38.4092,112.7333,34.21,67,0,5.59
490,Casambalangan,PH,2021-01-31 13:35:24,18.3765,122.1274,70.68,82,99,14.47
491,Hambantota,LK,2021-01-31 13:35:24,6.1241,81.1185,77.0,100,75,5.75
492,Salina Cruz,MX,2021-01-31 13:35:24,16.1667,-95.2,74.25,69,100,7.25
493,Nipawin,CA,2021-01-31 13:35:16,53.3668,-104.0009,12.2,100,90,4.61
494,Jardim,BR,2021-01-31 13:35:24,-21.4803,-56.1381,83.93,66,100,8.99
495,Avera,US,2021-01-31 13:35:25,33.194,-82.5271,55.4,94,90,12.66
496,Mangan,IN,2021-01-31 13:35:25,27.5167,88.5333,52.83,49,89,0.72
497,Porbandar,IN,2021-01-31 13:35:25,21.6422,69.6093,71.06,39,0,11.86
498,Auki,SB,2021-01-31 13:35:25,-8.7676,160.7034,79.68,81,100,11.86
499,Lusambo,CD,2021-01-31 13:35:25,-4.9667,23.45,84.97,60,85,3.91
500,Urdoma,RU,2021-01-31 13:35:25,61.7533,48.5442,22.75,97,100,10.47
501,Carutapera,BR,2021-01-31 13:35:25,-1.195,-46.02,87.15,60,2,10.22
502,Gamboma,CG,2021-01-31 13:35:26,-1.8764,15.8644,84.16,60,90,1.43
503,Grindavik,IS,2021-01-31 13:35:26,63.8424,-22.4338,32.0,69,75,13.8
504,Bambanglipuro,ID,2021-01-31 13:32:05,-7.95,110.2833,78.08,86,99,8.1
505,Coquimbo,CL,2021-01-31 13:35:26,-29.9533,-71.3436,68.0,77,20,2.3
506,Clearwater,US,2021-01-31 13:33:09,27.9659,-82.8001,63.0,82,37,4.61
507,Santa Isabel Do Rio Negro,BR,2021-01-31 13:35:26,-0.4139,-65.0192,82.08,79,57,3.78
508,Khasan,RU,2021-01-31 13:35:27,42.4308,130.6434,19.94,96,90,7.54
509,Shelabolikha,RU,2021-01-31 13:35:27,53.4131,82.6167,5.0,56,0,11.18
510,Havoysund,NO,2021-01-31 13:35:27,70.9963,24.6622,26.6,80,75,11.5
511,Port Hardy,CA,2021-01-31 13:35:27,50.6996,-127.4199,42.8,93,75,6.91
512,Nouadhibou,MR,2021-01-31 13:35:27,20.931,-17.0347,80.6,34,0,13.8
513,Meulaboh,ID,2021-01-31 13:35:27,4.1363,96.1285,79.23,78,81,2.77
514,Jurbarkas,LT,2021-01-31 13:35:28,55.0778,22.7664,31.08,97,61,10.98
515,Tabas,IR,2021-01-31 13:34:17,33.5959,56.9244,66.2,19,0,2.3
516,Ilulissat,GL,2021-01-31 13:35:28,69.2167,-51.1,8.6,66,90,18.41
517,Nyurba,RU,2021-01-31 13:35:28,63.2842,118.3319,-48.46,76,55,2.35
518,Cairns,AU,2021-01-31 13:35:28,-16.9167,145.7667,77.0,94,75,8.05
519,Coruripe,BR,2021-01-31 13:35:28,-10.1256,-36.1756,84.2,65,39,11.95
520,Aswan,EG,2021-01-31 13:35:29,24.0934,32.907,78.12,16,0,10.02
521,Aasiaat,GL,2021-01-31 13:35:29,68.7098,-52.8699,-4.31,92,48,7.81
522,Marzuq,YE,2021-01-31 13:35:29,14.4,46.4667,79.52,19,0,7.92
523,Aleppo,SY,2021-01-31 13:35:29,36.25,37.5,51.91,72,1,12.48
524,Belyy Yar,RU,2021-01-31 13:35:29,53.6039,91.3903,-16.6,69,41,4.47
525,Yeppoon,AU,2021-01-31 13:31:07,-23.1333,150.7333,77.0,73,42,9.22
526,Sept-Iles,CA,2021-01-31 13:35:05,50.2001,-66.3821,21.2,68,9,3.44
527,Egvekinot,RU,2021-01-31 13:35:29,66.3167,-179.1667,-15.21,89,100,15.88
528,Leo,BF,2021-01-31 13:35:30,11.1,-2.1,97.7,9,0,6.24
529,Honningsvag,NO,2021-01-31 13:35:30,70.9821,25.9704,27.46,96,100,21.56
530,Eirunepe,BR,2021-01-31 13:35:30,-6.6603,-69.8736,72.61,98,100,1.63
531,Bosaso,SO,2021-01-31 13:35:17,11.2842,49.1816,77.0,69,20,12.66
532,Hargeysa,SO,2021-01-31 13:35:30,9.56,44.065,72.5,38,0,16.31
533,Sinnamary,GF,2021-01-31 13:35:30,5.3833,-52.95,80.98,73,26,15.14
534,Victor Harbor,AU,2021-01-31 13:35:31,-35.5667,138.6167,64.0,79,94,1.01
535,Along,IN,2021-01-31 13:35:32,28.1667,94.7667,53.1,59,1,1.88
536,Lodwar,KE,2021-01-31 13:35:32,3.1191,35.5973,94.75,19,66,19.64
537,Chekhov,RU,2021-01-31 13:35:32,55.1431,37.4711,26.01,96,100,9.82
538,Omutninsk,RU,2021-01-31 13:35:32,58.67,52.1932,32.22,95,100,16.06
539,Kununurra,AU,2021-01-31 13:35:32,-15.7667,128.7333,78.8,100,40,6.89
540,Anadyr,RU,2021-01-31 13:32:34,64.75,177.4833,5.0,85,90,33.55
541,Kabalo,CD,2021-01-31 13:35:32,-6.05,26.9167,80.29,86,100,5.93
542,Visby,SE,2021-01-31 13:35:33,57.6409,18.296,30.99,80,75,6.91
543,Mikhaylovsk,RU,2021-01-31 13:35:33,45.1283,42.0256,48.2,49,40,2.68
544,Alofi,NU,2021-01-31 13:35:33,-19.0595,-169.9187,75.2,94,100,6.91
545,Esmeraldas,BR,2021-01-31 13:35:33,-19.7625,-44.3139,80.6,54,0,12.66
546,Talovaya,RU,2021-01-31 13:35:33,51.1144,40.73,32.77,94,100,20.2
547,Key Largo,US,2021-01-31 13:35:25,25.0865,-80.4473,72.0,75,84,15.1
548,Mineral Wells,US,2021-01-31 13:35:34,32.8085,-98.1128,41.0,75,1,12.66
549,Zhanakorgan,KZ,2021-01-31 13:35:34,43.9098,67.2495,38.89,73,100,0.81
550,Labuan,MY,2021-01-31 13:35:34,5.2767,115.2417,80.6,83,20,5.75
551,Purgstall,AT,2021-01-31 13:35:34,48.0584,15.1348,34.0,2,85,6.31
552,Mandalgovi,MN,2021-01-31 13:35:34,45.7625,106.2708,-7.17,82,94,18.07
553,Antalaha,MG,2021-01-31 13:35:34,-14.9003,50.2788,83.59,68,4,9.84
554,Ambilobe,MG,2021-01-31 13:35:35,-13.2,49.05,82.56,82,89,4.88
555,Xinan,CN,2021-01-31 13:35:35,26.72,119.8556,56.66,83,1,5.21
556,Mildmay,CA,2021-01-31 13:35:35,44.0501,-81.1164,18.0,86,100,9.22
557,Santa Maria,BR,2021-01-31 13:35:35,-29.6842,-53.8069,73.4,88,90,3.44
558,Nishihara,JP,2021-01-31 13:32:52,26.1842,127.7558,64.4,45,40,6.91
559,Bloomfield,US,2021-01-31 13:35:35,40.8068,-74.1854,21.0,63,1,4.61
560,Felipe Carrillo Puerto,MX,2021-01-31 13:35:35,19.5833,-88.05,69.87,83,99,3.33
561,Dali,CN,2021-01-31 13:35:35,25.7,100.1833,44.02,72,40,4.97
562,Gazanjyk,TM,2021-01-31 13:35:36,39.2446,55.5154,52.09,57,0,5.21
563,Mackay,AU,2021-01-31 13:35:36,-21.15,149.2,78.8,78,40,14.97
564,Tautira,PF,2021-01-31 13:35:36,-17.7333,-149.15,77.0,65,75,3.44
565,Mabaruma,GY,2021-01-31 13:35:36,8.2,-59.7833,83.28,65,1,9.37
566,Wellington,NZ,2021-01-31 13:35:37,-41.2866,174.7756,59.0,77,1,14.97
567,Krasnogorskiy,RU,2021-01-31 13:35:37,54.6025,61.231,16.27,95,9,3.11
568,Taft,IR,2021-01-31 13:35:37,31.7471,54.2088,66.2,8,0,2.3
569,Tiznit,MA,2021-01-31 13:35:37,29.5833,-9.5,72.18,37,0,4.43
570,Novyy Svit,UA,2021-01-31 13:35:37,47.8059,38.0211,40.41,73,100,9.78
571,Monrovia,LR,2021-01-31 13:33:22,6.3005,-10.7969,89.6,66,75,6.91
572,Saint-Georges,GD,2021-01-31 13:35:37,12.0564,-61.7485,80.6,78,75,20.71
573,Saint-Pierre,RE,2021-01-31 13:35:38,-21.3393,55.4781,86.0,66,0,28.77
574,Kavaratti,IN,2021-01-31 13:35:38,10.5669,72.642,81.82,75,0,10.29
575,Black River,JM,2021-01-31 13:35:38,18.0264,-77.8487,78.01,83,40,9.22
576,Severnyy,RU,2021-01-31 13:35:38,50.677,36.5532,28.4,80,75,15.66
577,Gravdal,NO,2021-01-31 13:35:38,68.1214,13.5031,23.0,68,0,10.36
578,Hay River,CA,2021-01-31 13:32:41,60.8156,-115.7999,-13.0,77,100,8.05
579,Honiara,SB,2021-01-31 13:35:38,-9.4333,159.95,79.84,80,100,10.65
580,Menongue,AO,2021-01-31 13:35:38,-14.6585,17.691,74.03,77,100,6.49
581,Arlit,NE,2021-01-31 13:35:39,18.7369,7.3853,83.14,12,0,7.72
582,Los Llanos De Aridane,ES,2021-01-31 13:35:39,28.6585,-17.9182,69.8,73,20,11.5
583,Dunedin,NZ,2021-01-31 13:35:39,-45.8742,170.5036,60.01,81,100,5.32
584,Cervo,ES,2021-01-31 13:35:39,43.6702,-7.4101,62.01,82,78,10.0
585,Tezu,IN,2021-01-31 13:35:39,27.9167,96.1667,59.97,42,4,4.34
586,Estrela,BR,2021-01-31 13:35:40,-28.0611,-50.9383,67.89,96,100,5.23
587,Norman Wells,CA,2021-01-31 13:35:40,65.282,-126.8329,-20.2,76,75,5.75
