City_ID,City,Country,Lat,Lng,Max Temp,Humidity,Cloudiness,Wind Speed,Current Description,Date
0,Miranda De Ebro,ES,42.6865,-2.947,45.0,76,75,11.5,broken clouds,2021-01-31 01:22:34
1,Rikitea,PF,-23.1203,-134.9692,79.5,70,0,11.34,clear sky,2021-01-31 01:22:35
2,Vaini,TO,-21.2,-175.2,86.0,79,75,13.8,broken clouds,2021-01-31 01:20:19
3,Barroquinha,BR,-3.0189,-41.1361,76.95,81,100,5.68,overcast clouds,2021-01-31 01:22:35
4,Saint-Philippe,RE,-21.3585,55.7679,78.8,65,0,8.05,light rain,2021-01-31 01:07:56
5,Jamestown,US,42.097,-79.2353,17.6,79,1,3.13,clear sky,2021-01-31 01:22:12
6,Kapaa,US,22.0752,-159.319,77.0,69,75,14.97,light rain,2021-01-31 01:22:35
7,Norman Wells,CA,65.282,-126.8329,-31.0,75,75,3.31,broken clouds,2021-01-31 01:22:35
8,Ribeira Grande,PT,38.5167,-28.7,63.16,91,97,22.06,overcast clouds,2021-01-31 01:22:35
9,Faanui,PF,-16.4833,-151.75,81.75,70,31,8.03,scattered clouds,2021-01-31 01:22:36
10,Saint Anthony,US,45.0205,-93.218,32.0,80,90,6.91,light snow,2021-01-31 01:22:36
11,Albany,US,42.6001,-73.9662,17.01,60,5,7.74,clear sky,2021-01-31 01:18:21
12,Ushuaia,AR,-54.8,-68.3,50.0,66,20,24.16,few clouds,2021-01-31 01:18:08
13,Mataura,NZ,-46.1927,168.8643,71.98,37,96,3.56,overcast clouds,2021-01-31 01:22:37
14,Maralal,KE,1.0968,36.698,54.75,62,0,5.64,clear sky,2021-01-31 01:22:37
15,Kavaratti,IN,10.5669,72.642,80.78,72,4,9.06,clear sky,2021-01-31 01:19:11
16,Qiyang,CN,26.5911,111.8474,52.0,65,100,1.88,overcast clouds,2021-01-31 01:22:37
17,Ulladulla,AU,-35.35,150.4667,68.0,83,90,10.36,overcast clouds,2021-01-31 01:22:37
18,Oros,BR,-6.2444,-38.9136,78.03,65,100,1.5,light rain,2021-01-31 01:22:38
19,Puerto Ayora,EC,-0.7393,-90.3518,78.01,89,51,5.01,broken clouds,2021-01-31 01:22:38
20,Denpasar,ID,-8.65,115.2167,84.2,79,40,12.66,scattered clouds,2021-01-31 01:17:41
21,Port Alfred,ZA,-33.5906,26.891,63.0,91,0,0.89,clear sky,2021-01-31 01:22:38
22,Tautira,PF,-17.7333,-149.15,84.2,65,75,6.91,broken clouds,2021-01-31 01:12:59
23,Hithadhoo,MV,-0.6,73.0833,81.68,79,24,14.23,few clouds,2021-01-31 01:21:10
24,Saskylakh,RU,71.9167,114.0833,-33.81,82,100,11.7,overcast clouds,2021-01-31 01:22:38
25,Cape Town,ZA,-33.9258,18.4232,70.0,77,75,5.75,broken clouds,2021-01-31 01:22:29
26,Chuy,UY,-33.6971,-53.4616,71.06,89,100,11.1,heavy intensity rain,2021-01-31 01:22:39
27,Mar Del Plata,AR,-38.0023,-57.5575,62.6,55,75,20.71,light rain,2021-01-31 01:20:39
28,Adrar,MR,20.5022,-10.0711,65.71,25,60,7.56,broken clouds,2021-01-31 01:12:43
29,Manzhouli,CN,49.6,117.4333,-16.67,87,94,4.56,overcast clouds,2021-01-31 01:22:39
30,Bluff,NZ,-46.6,168.3333,58.21,68,98,7.4,overcast clouds,2021-01-31 01:22:39
31,Mahebourg,MU,-20.4081,57.7,78.8,83,40,6.91,scattered clouds,2021-01-31 01:12:41
32,Pisco,PE,-13.7,-76.2167,71.6,73,0,13.8,clear sky,2021-01-31 01:22:40
33,Port Elizabeth,ZA,-33.918,25.5701,62.6,88,0,6.91,clear sky,2021-01-31 01:22:40
34,Sibolga,ID,1.7427,98.7792,77.09,73,41,3.62,scattered clouds,2021-01-31 01:09:20
35,Torbay,CA,47.6666,-52.7314,28.99,100,90,8.05,overcast clouds,2021-01-31 01:22:40
36,Korla,CN,41.7597,86.1469,18.36,85,0,4.14,clear sky,2021-01-31 01:22:41
37,Itumba,TZ,-9.4,33.1833,62.24,87,100,2.53,overcast clouds,2021-01-31 01:22:41
38,Wanning,CN,18.8003,110.3967,70.21,80,54,11.39,broken clouds,2021-01-31 01:13:45
39,Cherskiy,RU,68.75,161.3,-35.3,83,0,0.96,clear sky,2021-01-31 01:22:41
40,Dunedin,NZ,-45.8742,170.5036,62.01,70,100,23.0,overcast clouds,2021-01-31 01:13:52
41,Tavda,RU,58.0425,65.2726,14.13,97,100,3.83,overcast clouds,2021-01-31 01:22:41
42,Cabedelo,BR,-6.9811,-34.8339,77.0,88,20,4.61,few clouds,2021-01-31 01:13:15
43,Neuquen,AR,-38.9516,-68.0591,62.6,72,75,5.75,broken clouds,2021-01-31 01:10:11
44,Hilo,US,19.7297,-155.09,80.6,57,75,8.05,light rain,2021-01-31 01:22:42
45,Hami,CN,42.8,93.45,20.75,85,0,5.01,clear sky,2021-01-31 01:19:26
46,Bengkulu,ID,-3.8004,102.2655,74.43,93,100,6.38,overcast clouds,2021-01-31 01:21:16
47,Sioux Lookout,CA,50.1001,-91.917,23.0,86,90,5.75,light snow,2021-01-31 01:22:42
48,West Bend,US,43.4253,-88.1834,30.99,93,90,12.66,light snow,2021-01-31 01:22:42
49,Kruisfontein,ZA,-34.0033,24.7314,59.0,90,0,1.01,clear sky,2021-01-31 01:22:43
50,Usvyaty,RU,55.7456,30.7533,19.71,98,100,4.59,overcast clouds,2021-01-31 01:22:43
51,Victoria,HK,22.2855,114.1577,64.0,62,0,15.26,clear sky,2021-01-31 01:12:04
52,Marsh Harbour,BS,26.5412,-77.0636,66.49,63,100,13.82,overcast clouds,2021-01-31 01:22:43
53,Terbuny,RU,52.1389,38.2789,34.41,100,100,21.47,snow,2021-01-31 01:22:43
54,Yellowknife,CA,62.456,-114.3525,-11.99,77,20,3.44,few clouds,2021-01-31 01:22:02
55,Whitehorse,CA,60.7161,-135.0538,-4.0,77,75,3.44,light snow,2021-01-31 01:22:43
56,Atuona,PF,-9.8,-139.0333,79.25,73,62,17.56,broken clouds,2021-01-31 01:20:04
57,Chiang Khong,TH,20.2613,100.4046,66.2,100,90,2.3,fog,2021-01-31 01:22:44
58,Baghdad,IQ,33.3406,44.4009,44.6,81,0,5.75,clear sky,2021-01-31 01:18:23
59,Hermanus,ZA,-34.4187,19.2345,64.99,86,0,9.35,clear sky,2021-01-31 01:22:44
60,Mount Gambier,AU,-37.8333,140.7667,69.8,49,90,12.66,overcast clouds,2021-01-31 01:20:34
61,Rawson,AR,-43.3002,-65.1023,60.69,59,6,16.87,clear sky,2021-01-31 01:12:51
62,Kodiak,US,57.79,-152.4072,32.0,55,1,19.57,clear sky,2021-01-31 01:22:44
63,Barrow,US,71.2906,-156.7887,-16.6,76,90,4.61,haze,2021-01-31 01:22:45
64,Constitucion,CL,-35.3333,-72.4167,59.59,93,34,8.46,scattered clouds,2021-01-31 01:22:45
65,Kavieng,PG,-2.5744,150.7967,83.41,71,97,14.05,overcast clouds,2021-01-31 01:22:45
66,Sylacauga,US,33.1732,-86.2516,53.6,50,75,8.05,broken clouds,2021-01-31 01:22:45
67,Bambous Virieux,MU,-20.3428,57.7575,78.8,83,40,6.91,scattered clouds,2021-01-31 01:22:45
68,Hobart,AU,-42.8794,147.3294,75.99,45,40,11.5,scattered clouds,2021-01-31 01:20:29
69,Karratha,AU,-20.7377,116.8463,89.56,52,100,4.88,overcast clouds,2021-01-31 01:13:35
70,Kahului,US,20.8947,-156.47,78.8,57,40,18.41,scattered clouds,2021-01-31 01:10:09
71,Povenets,RU,62.8487,34.8262,14.4,97,92,5.41,overcast clouds,2021-01-31 01:22:47
72,Susangerd,IR,31.5608,48.1831,51.24,50,0,4.94,clear sky,2021-01-31 01:22:47
73,Suhbaatar,MN,50.2314,106.2078,-7.85,82,100,4.32,light snow,2021-01-31 01:22:48
74,Punta Arenas,CL,-53.15,-70.9167,50.0,66,0,23.02,clear sky,2021-01-31 01:22:04
75,Cabo San Lucas,MX,22.8909,-109.9124,70.0,77,20,3.44,few clouds,2021-01-31 01:20:44
76,Atar,MR,20.5169,-13.0499,66.67,23,0,7.99,clear sky,2021-01-31 01:22:48
77,Lebu,CL,-37.6167,-73.65,56.5,85,1,12.01,clear sky,2021-01-31 01:22:48
78,Inhambane,MZ,-23.865,35.3833,78.12,80,0,5.64,clear sky,2021-01-31 01:22:48
79,Lac Du Bonnet,CA,50.2536,-96.0612,24.01,100,100,2.48,overcast clouds,2021-01-31 01:22:48
80,Fernie,CA,49.5,-115.0687,32.0,69,86,4.61,overcast clouds,2021-01-31 01:22:48
81,Taksimo,RU,56.3444,114.8794,-28.5,76,100,0.2,overcast clouds,2021-01-31 01:22:49
82,Busselton,AU,-33.65,115.3333,80.01,51,0,1.99,clear sky,2021-01-31 01:22:49
83,Belaya Gora,RU,68.5333,146.4167,-27.9,85,100,2.53,overcast clouds,2021-01-31 01:22:49
84,Priladozhskiy,RU,59.85,31.4833,25.0,77,81,6.06,snow,2021-01-31 01:22:49
85,Yabrud,SY,33.9674,36.6574,46.4,71,40,16.11,scattered clouds,2021-01-31 01:22:49
86,Barra Patuca,HN,15.8,-84.2833,75.72,85,83,9.46,broken clouds,2021-01-31 01:22:49
87,Ponta Do Sol,PT,32.6667,-17.1,59.0,74,45,3.0,scattered clouds,2021-01-31 01:22:50
88,Marawi,PH,7.9986,124.2928,80.01,82,76,4.0,broken clouds,2021-01-31 01:22:51
89,San Cristobal,VE,7.7669,-72.225,65.71,72,84,1.39,broken clouds,2021-01-31 01:20:09
90,Itambe,BR,-15.245,-40.6244,68.05,93,5,2.24,clear sky,2021-01-31 01:22:51
91,Grootfontein,NA,-19.5667,18.1167,66.2,94,100,4.61,overcast clouds,2021-01-31 01:22:51
92,Butaritari,KI,3.0707,172.7902,81.23,78,53,18.37,broken clouds,2021-01-31 01:22:51
93,Thunder Bay,CA,48.4001,-89.3168,28.4,80,90,11.5,light snow,2021-01-31 01:22:41
94,Sabang,ID,5.8933,95.3214,80.8,78,62,20.67,broken clouds,2021-01-31 01:20:29
95,Longyearbyen,SJ,78.2186,15.6401,-5.8,65,20,19.57,few clouds,2021-01-31 01:22:52
96,Bredasdorp,ZA,-34.5322,20.0403,64.99,86,0,6.22,clear sky,2021-01-31 01:22:52
97,Khorramshahr,IR,30.4397,48.1664,48.2,76,0,4.16,clear sky,2021-01-31 01:22:52
98,Pangnirtung,CA,66.1451,-65.7125,-8.37,75,88,2.39,overcast clouds,2021-01-31 01:11:10
99,Yumbe,UG,3.4651,31.2469,70.72,31,3,3.31,clear sky,2021-01-31 01:22:53
100,Bay City,US,43.5945,-83.8889,26.6,68,90,11.5,overcast clouds,2021-01-31 01:18:21
101,Iqaluit,CA,63.7506,-68.5145,-7.01,71,1,18.41,clear sky,2021-01-31 01:22:53
102,Flinders,AU,-34.5833,150.8552,68.0,95,100,1.01,overcast clouds,2021-01-31 01:13:45
103,Khash,IR,28.2211,61.2158,47.68,50,4,6.31,clear sky,2021-01-31 01:08:27
104,San Policarpo,PH,12.1791,125.5072,79.88,77,100,20.07,overcast clouds,2021-01-31 01:13:11
105,Ingham,US,42.6,-84.3833,26.6,63,90,10.36,overcast clouds,2021-01-31 01:22:53
106,Durazno,UY,-33.4131,-56.5006,63.09,83,100,26.35,overcast clouds,2021-01-31 01:13:42
107,Thompson,CA,55.7435,-97.8558,14.0,92,90,2.3,light snow,2021-01-31 01:13:21
108,Xining,CN,36.6167,101.7667,12.63,75,0,2.95,clear sky,2021-01-31 01:18:01
109,Georgetown,MY,5.4112,100.3354,81.0,69,20,3.44,few clouds,2021-01-31 01:22:54
110,Arraial Do Cabo,BR,-22.9661,-42.0278,76.96,83,1,26.78,clear sky,2021-01-31 01:20:15
111,Tambovka,RU,50.0969,128.0489,-29.2,68,20,5.7,few clouds,2021-01-31 01:22:54
112,Port Lincoln,AU,-34.7333,135.8667,66.67,63,7,14.32,clear sky,2021-01-31 01:13:02
113,Goderich,CA,43.7501,-81.7165,12.2,85,100,3.44,overcast clouds,2021-01-31 01:13:33
114,Oranjemund,NA,-28.55,16.4333,60.39,91,2,7.47,clear sky,2021-01-31 01:13:03
115,Carutapera,BR,-1.195,-46.02,78.49,83,100,7.14,overcast clouds,2021-01-31 01:22:16
116,Tuktoyaktuk,CA,69.4541,-133.0374,-36.4,74,40,5.75,scattered clouds,2021-01-31 01:19:25
117,Saint George,US,37.1041,-113.5841,48.2,53,1,1.41,clear sky,2021-01-31 01:21:01
118,Songkhla,TH,6.8333,100.6667,77.0,88,20,2.3,few clouds,2021-01-31 01:22:55
119,Sinnamary,GF,5.3833,-52.95,77.99,86,100,15.41,overcast clouds,2021-01-31 01:21:28
120,East London,ZA,-33.0153,27.9116,70.56,85,69,3.49,broken clouds,2021-01-31 01:22:55
121,Surgut,RU,61.25,73.4167,-9.4,84,90,11.18,light snow,2021-01-31 01:22:55
122,Deputatskiy,RU,69.3,139.9,-25.44,88,99,1.57,overcast clouds,2021-01-31 01:22:56
123,Nizhniy Kuranakh,RU,58.8353,125.4869,-37.43,78,96,0.67,overcast clouds,2021-01-31 01:22:56
124,Veraval,IN,20.9,70.3667,65.21,31,0,13.15,clear sky,2021-01-31 01:13:17
125,Nakhon Phanom,TH,17.3333,104.4167,68.0,83,0,4.16,mist,2021-01-31 01:22:56
126,Jilib,SO,0.4883,42.7854,67.93,94,0,4.68,clear sky,2021-01-31 01:22:56
127,Henties Bay,NA,-22.116,14.2845,66.99,84,35,4.0,scattered clouds,2021-01-31 01:13:52
128,Hukuntsi,BW,-24.0,21.75,74.37,63,100,7.05,overcast clouds,2021-01-31 01:22:57
129,Castro,BR,-24.7911,-50.0119,65.68,97,100,5.99,overcast clouds,2021-01-31 01:20:33
130,Klaksvik,FO,62.2266,-6.589,32.0,69,40,26.46,scattered clouds,2021-01-31 01:20:14
131,Lokoja,NG,7.8024,6.743,77.58,23,0,0.94,clear sky,2021-01-31 01:13:38
132,Tiksi,RU,71.6872,128.8694,-27.49,86,100,4.68,overcast clouds,2021-01-31 01:22:57
133,Inirida,CO,3.8653,-67.9239,78.28,75,54,2.53,broken clouds,2021-01-31 01:22:57
134,Suffolk,US,40.8668,-72.7996,27.0,53,1,13.96,clear sky,2021-01-31 01:20:04
135,Quatre Cocos,MU,-20.2078,57.7625,78.8,83,40,6.91,scattered clouds,2021-01-31 01:13:15
136,Correntina,BR,-13.3433,-44.6367,73.18,56,0,2.59,clear sky,2021-01-31 01:22:59
137,Mount Isa,AU,-20.7333,139.5,98.6,25,97,6.91,overcast clouds,2021-01-31 01:12:59
138,Dikson,RU,73.5069,80.5464,-34.28,80,0,6.85,clear sky,2021-01-31 01:20:16
139,Champerico,GT,14.3,-91.9167,84.2,65,40,9.22,scattered clouds,2021-01-31 01:23:00
140,Singapore,SG,1.2897,103.8501,80.6,74,75,9.22,broken clouds,2021-01-31 01:20:03
141,Tessalit,ML,20.1986,1.0114,61.95,24,0,11.3,clear sky,2021-01-31 01:23:00
142,Pauini,BR,-7.7136,-66.9764,75.22,97,100,1.57,overcast clouds,2021-01-31 01:23:01
143,Nueva Gerona,CU,21.8833,-82.8,72.39,69,40,12.86,scattered clouds,2021-01-31 01:23:01
144,Clyde River,CA,70.4692,-68.5914,-4.0,84,90,2.3,overcast clouds,2021-01-31 01:23:01
145,Maniitsoq,GL,65.4167,-52.9,12.0,78,0,7.72,clear sky,2021-01-31 01:22:36
146,Bud,US,39.447,-86.1758,30.99,97,100,16.26,moderate rain,2021-01-31 01:13:11
147,Severnoye,RU,56.3491,78.3619,-12.24,86,100,10.09,overcast clouds,2021-01-31 01:23:02
148,Talcahuano,CL,-36.7167,-73.1167,59.0,100,0,4.61,clear sky,2021-01-31 01:23:02
149,Chumikan,RU,54.7183,135.315,-16.37,79,1,25.88,clear sky,2021-01-31 01:23:02
150,Ancud,CL,-41.8697,-73.8203,55.99,76,0,5.75,clear sky,2021-01-31 01:19:35
151,Leningradskiy,RU,69.3833,178.4167,-26.9,82,0,3.91,clear sky,2021-01-31 01:23:02
152,Katsuura,JP,35.1333,140.3,48.0,45,20,6.91,few clouds,2021-01-31 01:13:40
153,Qaanaaq,GL,77.484,-69.3632,-5.6,74,98,3.36,overcast clouds,2021-01-31 01:23:03
154,Oruro,BO,-17.9833,-67.15,54.37,42,96,9.19,overcast clouds,2021-01-31 01:23:03
155,Mancio Lima,BR,-7.6142,-72.8958,73.27,93,14,0.56,light rain,2021-01-31 01:23:03
156,Sambava,MG,-14.2667,50.1667,75.88,87,0,5.61,clear sky,2021-01-31 01:23:03
157,Balod,IN,20.73,81.2047,49.05,41,0,5.39,clear sky,2021-01-31 01:23:04
158,Mehamn,NO,71.0357,27.8492,26.6,80,0,8.05,light snow,2021-01-31 01:23:04
159,Harper,LR,4.375,-7.7169,78.73,88,57,9.19,broken clouds,2021-01-31 01:23:04
160,Tongchuan,CN,35.0806,109.0897,37.8,58,100,4.34,overcast clouds,2021-01-31 01:23:04
161,Nortelandia,BR,-14.4547,-56.8028,75.36,83,100,3.15,overcast clouds,2021-01-31 01:23:04
162,Svetlaya,RU,46.5389,138.3297,3.97,80,49,8.57,scattered clouds,2021-01-31 01:23:05
163,Los Llanos De Aridane,ES,28.6585,-17.9182,64.4,77,75,13.8,broken clouds,2021-01-31 01:13:05
164,San Carlos De Bariloche,AR,-41.1456,-71.3082,66.2,42,75,2.3,broken clouds,2021-01-31 01:23:05
165,La Palma,US,33.8464,-118.0467,62.6,67,1,8.05,clear sky,2021-01-31 01:23:05
166,Kondinskoye,RU,59.6481,67.41,14.4,96,100,9.75,overcast clouds,2021-01-31 01:23:05
167,Oussouye,SN,12.485,-16.5469,73.4,73,0,6.91,clear sky,2021-01-31 01:23:06
168,Upernavik,GL,72.7868,-56.1549,-9.13,87,100,6.98,overcast clouds,2021-01-31 01:20:27
169,Kawalu,ID,-7.3817,108.2082,78.4,76,78,2.35,broken clouds,2021-01-31 01:23:06
170,Hofn,IS,64.2539,-15.2082,21.67,83,0,18.61,clear sky,2021-01-31 01:20:25
171,Khatanga,RU,71.9667,102.5,-47.02,78,40,0.72,scattered clouds,2021-01-31 01:23:07
172,Anadyr,RU,64.75,177.4833,-2.2,78,75,22.37,snow,2021-01-31 01:23:07
173,Tabas,IR,33.5959,56.9244,49.26,48,0,4.7,clear sky,2021-01-31 01:23:08
174,Mathbaria,BD,22.2876,89.9593,53.26,43,0,4.74,clear sky,2021-01-31 01:23:08
175,Faro,PT,37.0194,-7.9322,55.4,82,40,12.66,scattered clouds,2021-01-31 01:20:45
176,Padang,ID,-0.9492,100.3543,78.58,74,98,4.14,overcast clouds,2021-01-31 01:23:09
177,Kichmengskiy Gorodok,RU,59.9816,45.7854,18.68,96,100,8.48,overcast clouds,2021-01-31 01:23:10
178,Talnakh,RU,69.4865,88.3972,-31.2,71,0,6.93,clear sky,2021-01-31 01:22:11
179,Banda Aceh,ID,5.5577,95.3222,77.49,78,10,12.46,clear sky,2021-01-31 01:22:55
180,Yakeshi,CN,49.2833,120.7333,-15.99,87,100,4.12,overcast clouds,2021-01-31 01:23:11
181,Pushkinskiye Gory,RU,57.0209,28.9103,21.45,99,92,4.03,light snow,2021-01-31 01:23:11
182,Teknaf,BD,20.8624,92.3058,63.46,62,42,9.01,scattered clouds,2021-01-31 01:23:11
183,Chokwe,MZ,-24.5333,32.9833,76.68,88,0,4.23,clear sky,2021-01-31 01:23:12
184,San Patricio,US,28.017,-97.5169,75.2,83,20,13.8,few clouds,2021-01-31 01:23:12
185,Robertsport,LR,6.7533,-11.3686,79.99,86,0,9.06,clear sky,2021-01-31 01:23:12
186,Alyangula,AU,-13.8483,136.4192,87.8,70,55,9.22,broken clouds,2021-01-31 01:23:12
187,Harqalah,TN,36.0303,10.509,61.0,67,0,3.44,clear sky,2021-01-31 01:23:12
188,Lompoc,US,34.6391,-120.4579,53.6,76,1,4.61,clear sky,2021-01-31 01:23:13
189,Pacific Grove,US,36.6177,-121.9166,54.0,78,99,4.56,overcast clouds,2021-01-31 01:23:13
190,Sao Jose Da Coroa Grande,BR,-8.8978,-35.1478,78.17,80,91,7.78,overcast clouds,2021-01-31 01:23:13
191,Urumqi,CN,43.801,87.6005,1.4,85,75,2.24,light snow,2021-01-31 01:23:13
192,Santa Marta,CO,11.2408,-74.199,84.2,54,19,13.8,few clouds,2021-01-31 01:23:13
193,Luderitz,NA,-26.6481,15.1594,65.05,66,0,18.1,clear sky,2021-01-31 01:23:14
194,Kuusamo,FI,65.9667,29.1833,10.4,85,75,1.14,light snow,2021-01-31 01:23:14
195,Viransehir,TR,37.2353,39.7631,39.54,87,100,22.24,light rain,2021-01-31 01:13:14
196,Bairiki,KI,1.3292,172.9752,86.0,70,40,9.22,scattered clouds,2021-01-31 01:23:14
197,Pevek,RU,69.7008,170.3133,-33.68,84,9,2.55,clear sky,2021-01-31 01:21:18
198,Taltal,CL,-25.4,-70.4833,66.72,73,9,5.53,clear sky,2021-01-31 01:13:25
199,Guane,CU,22.2025,-84.0875,66.56,79,29,7.49,scattered clouds,2021-01-31 01:23:15
200,Mogadishu,SO,2.0371,45.3438,74.7,84,16,16.69,few clouds,2021-01-31 01:21:11
201,Terra Santa,BR,-2.1042,-56.4869,78.48,78,97,5.57,overcast clouds,2021-01-31 01:23:15
202,San Ramon,US,37.7799,-121.978,57.99,58,90,8.05,overcast clouds,2021-01-31 01:23:15
203,Manicore,BR,-5.8092,-61.3003,75.2,94,0,2.06,moderate rain,2021-01-31 01:23:15
204,Esqueda,MX,30.7167,-109.5833,52.39,44,0,4.68,clear sky,2021-01-31 01:23:15
205,Meulaboh,ID,4.1363,96.1285,75.97,83,58,4.41,broken clouds,2021-01-31 01:23:16
206,Sakakah,SA,29.9697,40.2064,41.0,60,0,8.05,clear sky,2021-01-31 01:23:16
207,Numata,JP,36.6333,139.05,42.01,50,48,14.0,scattered clouds,2021-01-31 01:23:16
208,Merauke,ID,-8.4667,140.3333,82.83,80,100,14.05,overcast clouds,2021-01-31 01:22:36
209,Tuatapere,NZ,-46.1333,167.6833,66.83,45,100,0.78,overcast clouds,2021-01-31 01:23:16
210,Marshfield,US,44.6689,-90.1718,28.4,74,90,14.97,light snow,2021-01-31 01:23:17
211,Salalah,OM,17.0151,54.0924,66.2,68,0,3.44,clear sky,2021-01-31 01:13:31
212,Skreia,NO,60.65,10.9333,10.99,92,90,3.4,fog,2021-01-31 01:23:17
213,Nikolskoye,RU,59.7035,30.7861,25.0,93,75,4.47,light snow,2021-01-31 01:23:17
214,Carballo,ES,43.213,-8.691,51.01,92,100,1.01,light rain,2021-01-31 01:23:17
215,Clarence Town,AU,-32.5833,151.7833,81.0,74,40,17.27,light rain,2021-01-31 01:13:53
216,Buraydah,SA,26.326,43.975,50.0,66,0,5.75,clear sky,2021-01-31 01:13:33
217,Beringovskiy,RU,63.05,179.3167,7.25,94,100,28.16,snow,2021-01-31 01:20:24
218,Tamboril,DO,19.4854,-70.611,69.8,94,75,5.75,broken clouds,2021-01-31 01:23:18
219,Great Falls,US,47.5002,-111.3008,35.6,50,1,9.22,clear sky,2021-01-31 01:18:29
220,Soyo,AO,-6.1349,12.3689,79.68,86,100,8.19,light rain,2021-01-31 01:23:18
221,Nemuro,JP,43.3236,145.575,15.8,67,20,3.44,few clouds,2021-01-31 01:13:34
222,Geraldton,AU,-28.7667,114.6,96.8,23,0,17.27,clear sky,2021-01-31 01:21:06
223,Noto,IT,36.8901,15.0693,53.6,93,20,4.61,few clouds,2021-01-31 01:23:18
224,Beni,CD,0.5,29.4667,64.94,79,100,1.63,overcast clouds,2021-01-31 01:23:18
225,Grand Gaube,MU,-20.0064,57.6608,75.99,85,3,3.0,clear sky,2021-01-31 01:13:33
226,Saldanha,ZA,-33.0117,17.9442,63.63,92,0,1.63,clear sky,2021-01-31 01:21:22
227,Iskateley,RU,67.6803,53.1512,1.04,92,99,11.1,overcast clouds,2021-01-31 01:23:19
228,Avarua,CK,-21.2078,-159.775,84.2,70,75,6.91,broken clouds,2021-01-31 01:23:19
229,Coquimbo,CL,-29.9533,-71.3436,64.4,94,90,4.61,overcast clouds,2021-01-31 01:20:36
230,Ornskoldsvik,SE,63.2909,18.7153,14.0,85,90,8.05,light snow,2021-01-31 01:22:05
231,Honolulu,US,21.3069,-157.8583,82.4,47,40,13.8,scattered clouds,2021-01-31 01:23:19
232,New Norfolk,AU,-42.7826,147.0587,75.99,39,6,3.0,clear sky,2021-01-31 01:23:19
233,Vila Velha,BR,-20.3297,-40.2925,78.8,78,75,6.91,broken clouds,2021-01-31 01:18:27
234,Paita,PE,-5.0892,-81.1144,76.26,73,15,15.57,few clouds,2021-01-31 01:23:19
235,Coolum Beach,AU,-26.5333,153.1,82.0,76,3,3.0,clear sky,2021-01-31 01:23:20
236,Portobelo,PA,9.55,-79.65,79.0,99,74,16.26,broken clouds,2021-01-31 01:23:09
237,Halifax,CA,44.6453,-63.5724,17.01,80,55,3.0,broken clouds,2021-01-31 01:23:20
238,Westport,US,41.1415,-73.3579,24.8,42,1,4.61,clear sky,2021-01-31 01:22:47
239,Kedrovyy,RU,56.1667,91.8167,-40.0,74,0,3.74,fog,2021-01-31 01:23:20
240,Mahanoro,MG,-19.9,48.8,75.88,87,2,3.42,clear sky,2021-01-31 01:23:20
241,Abu Dhabi,AE,24.4667,54.3667,66.2,82,0,1.14,clear sky,2021-01-31 01:23:04
242,Kaitangata,NZ,-46.2817,169.8464,61.0,80,100,13.0,overcast clouds,2021-01-31 01:13:25
243,Caravelas,BR,-17.7125,-39.2481,75.36,85,0,5.08,clear sky,2021-01-31 01:23:21
244,Arlit,NE,18.7369,7.3853,60.24,27,0,6.62,clear sky,2021-01-31 01:23:21
245,Akonolinga,CM,3.7667,12.25,67.86,96,100,2.06,overcast clouds,2021-01-31 01:23:21
246,Teya,RU,60.3778,92.6267,-36.69,77,0,1.45,clear sky,2021-01-31 01:23:21
247,Chokurdakh,RU,70.6333,147.9167,-29.6,85,0,8.3,clear sky,2021-01-31 01:19:24
248,Iralaya,HN,15.0,-83.2333,78.8,81,40,8.97,scattered clouds,2021-01-31 01:23:22
249,San Buenaventura,MX,27.0833,-101.5333,70.34,52,0,8.05,clear sky,2021-01-31 01:23:22
250,Hasaki,JP,35.7333,140.8333,46.4,46,20,11.5,few clouds,2021-01-31 01:23:22
251,Sobolevo,RU,54.4299,31.8996,16.25,97,100,4.18,light snow,2021-01-31 01:23:22
252,Aykhal,RU,66.0,111.5,-32.96,80,100,13.0,overcast clouds,2021-01-31 01:13:31
253,Ekhabi,RU,53.5102,142.9671,-4.77,90,100,18.16,overcast clouds,2021-01-31 01:23:22
254,Nanortalik,GL,60.1432,-45.2371,29.19,90,100,11.03,overcast clouds,2021-01-31 01:13:30
255,Bathurst,AU,-33.4166,149.5806,82.0,58,4,1.99,clear sky,2021-01-31 01:23:23
256,Faya,SA,18.3851,42.4509,55.4,66,0,4.61,clear sky,2021-01-31 01:13:46
257,Shizunai,JP,42.3339,142.3669,26.28,88,92,24.94,overcast clouds,2021-01-31 01:23:23
258,Katiola,CI,8.1333,-5.1,78.8,69,0,2.3,clear sky,2021-01-31 01:23:23
259,Seoul,KR,37.5683,126.9778,35.6,51,0,9.22,clear sky,2021-01-31 01:23:23
260,Qaqortoq,GL,60.7167,-46.0333,39.2,30,75,31.07,broken clouds,2021-01-31 01:23:23
261,Espanola,US,35.9911,-106.0806,35.6,41,1,6.51,clear sky,2021-01-31 01:23:24
262,Hualmay,PE,-11.0964,-77.6139,71.64,74,91,7.56,overcast clouds,2021-01-31 01:23:14
263,Esmeralda,CU,21.8525,-78.1169,66.2,77,20,8.05,few clouds,2021-01-31 01:23:25
264,Acapulco,MX,16.8634,-99.8901,80.6,83,75,4.61,broken clouds,2021-01-31 01:22:33
265,Shingu,JP,33.7333,135.9833,48.2,66,40,13.8,scattered clouds,2021-01-31 01:13:53
266,Mahajanga,MG,-15.7167,46.3167,73.4,94,20,3.44,few clouds,2021-01-31 01:23:26
267,Troitskoye,RU,52.9821,84.6757,-0.53,92,0,8.52,clear sky,2021-01-31 01:23:26
268,Maanshan,CN,31.6957,118.4983,52.0,71,99,2.24,haze,2021-01-31 01:23:26
269,Beloha,MG,-25.1667,45.05,74.37,82,0,4.68,clear sky,2021-01-31 01:13:53
270,Wagga Wagga,AU,-35.1167,147.3667,86.0,36,0,3.44,clear sky,2021-01-31 01:23:26
271,Namibe,AO,-15.1961,12.1522,72.97,75,95,5.7,overcast clouds,2021-01-31 01:13:27
272,Evensk,RU,61.95,159.2333,1.45,86,100,23.22,overcast clouds,2021-01-31 01:13:56
273,Buena Vista,US,43.4203,-83.8986,26.6,68,90,6.91,overcast clouds,2021-01-31 01:23:26
274,Palencia,ES,42.4167,-4.5,41.0,87,3,13.0,clear sky,2021-01-31 01:23:27
275,Bhalki,IN,18.0333,77.2167,62.98,73,32,4.92,scattered clouds,2021-01-31 01:19:18
276,Tasiilaq,GL,65.6145,-37.6368,21.2,33,90,13.8,overcast clouds,2021-01-31 01:23:27
277,Sitka,US,57.0531,-135.33,41.0,56,75,9.22,broken clouds,2021-01-31 01:23:02
278,Baft,IR,29.234,56.6057,38.93,74,0,6.71,clear sky,2021-01-31 01:23:27
279,Bumba,CD,2.1833,22.4667,70.74,53,98,1.68,overcast clouds,2021-01-31 01:13:41
280,Tual,ID,-5.6667,132.75,83.61,75,79,14.63,moderate rain,2021-01-31 01:23:28
281,Raga,SS,8.4596,25.678,65.14,26,3,4.56,clear sky,2021-01-31 01:23:28
282,Tura,IN,25.5198,90.2201,50.05,49,0,3.11,clear sky,2021-01-31 01:23:28
283,Swan Hill,AU,-35.3378,143.5544,73.56,33,0,7.94,clear sky,2021-01-31 01:23:28
284,Burlington,US,39.8835,-74.6413,28.0,39,1,3.44,clear sky,2021-01-31 01:19:47
285,Sribne,UA,50.6638,32.9187,29.91,99,100,8.1,light snow,2021-01-31 01:23:28
286,Chapleau,CA,47.8405,-83.4034,1.4,78,1,4.83,clear sky,2021-01-31 01:23:28
287,Maarianhamina,AX,60.0973,19.9348,26.6,86,90,10.36,light snow,2021-01-31 01:23:28
288,Oktyabrskoye,RU,43.0645,44.7417,37.0,93,12,4.47,few clouds,2021-01-31 01:23:29
289,Saint-Augustin,CA,51.226,-58.6502,28.81,92,100,16.96,overcast clouds,2021-01-31 01:23:29
290,Ixtapa,MX,20.7,-105.2,73.4,78,1,9.22,clear sky,2021-01-31 01:18:35
291,Uvira,CD,-3.4067,29.1458,72.39,61,67,4.29,broken clouds,2021-01-31 01:23:29
292,Kutum,SD,14.2,24.6667,51.89,39,0,3.96,clear sky,2021-01-31 01:13:49
293,Mishan,CN,45.55,131.8833,-10.07,83,0,3.15,clear sky,2021-01-31 01:23:29
294,Jacqueville,CI,5.2052,-4.4146,80.6,100,20,6.91,few clouds,2021-01-31 01:23:30
295,Cidreira,BR,-30.1811,-50.2056,75.78,88,98,9.33,overcast clouds,2021-01-31 01:23:30
296,Antalaha,MG,-14.9003,50.2788,74.97,89,2,4.5,clear sky,2021-01-31 01:23:31
297,Lorengau,PG,-2.0226,147.2712,82.87,81,100,11.12,overcast clouds,2021-01-31 01:22:59
298,Byron Bay,AU,-28.65,153.6167,80.6,69,90,12.66,overcast clouds,2021-01-31 01:21:38
299,Urcos,PE,-13.6861,-71.6228,51.8,82,90,2.3,overcast clouds,2021-01-31 01:23:31
300,Ligayan,PH,4.6533,119.4706,81.07,78,100,14.14,overcast clouds,2021-01-31 01:23:31
301,Lata,PT,40.1629,-8.3327,55.99,92,100,3.0,overcast clouds,2021-01-31 01:13:53
302,Shahr-E Babak,IR,30.1165,55.1186,40.15,72,0,4.88,clear sky,2021-01-31 01:23:32
303,Bubaque,GW,11.2833,-15.8333,79.3,62,96,12.71,overcast clouds,2021-01-31 01:23:32
304,Det Udom,TH,14.906,105.0784,73.99,83,39,5.75,scattered clouds,2021-01-31 01:23:32
305,Pimentel,PE,-6.8367,-79.9342,75.2,64,0,13.8,clear sky,2021-01-31 01:23:32
306,Santa Luzia,BR,-19.7697,-43.8514,75.2,64,0,11.5,clear sky,2021-01-31 01:23:32
307,Bonfim,BR,3.0833,-59.95,79.59,71,61,8.7,broken clouds,2021-01-31 01:23:34
308,Jalu,LY,29.0331,21.5482,59.0,43,0,11.23,clear sky,2021-01-31 01:23:34
309,Boddam,GB,57.4667,-1.7833,32.0,86,90,2.3,overcast clouds,2021-01-31 01:23:34
310,Cockburn Town,TC,21.4612,-71.1419,73.4,56,20,11.5,few clouds,2021-01-31 01:21:29
311,Robinson,US,31.4677,-97.1147,68.0,25,1,5.75,clear sky,2021-01-31 01:23:34
312,Alta Floresta,BR,-9.8756,-56.0861,72.64,96,60,2.01,broken clouds,2021-01-31 01:23:34
313,Port Blair,IN,11.6667,92.75,79.09,78,0,6.67,clear sky,2021-01-31 01:23:34
314,Grindavik,IS,63.8424,-22.4338,19.4,73,0,6.91,clear sky,2021-01-31 01:19:28
315,Provideniya,RU,64.3833,-173.3,-10.1,83,98,13.87,overcast clouds,2021-01-31 01:23:35
316,Bathsheba,BB,13.2167,-59.5167,78.8,73,75,19.57,broken clouds,2021-01-31 01:23:35
317,Sawakin,SD,19.1059,37.3321,68.95,69,55,13.29,broken clouds,2021-01-31 01:23:35
318,Kedougou,SN,12.5579,-12.1743,80.6,24,0,2.3,clear sky,2021-01-31 01:23:35
319,Mount Darwin,ZW,-16.7725,31.5838,67.46,97,100,6.06,overcast clouds,2021-01-31 01:23:35
320,Dukat,RU,62.55,155.55,-33.27,81,100,8.3,overcast clouds,2021-01-31 01:23:36
321,Port Hedland,AU,-20.3167,118.5667,87.8,58,90,10.36,overcast clouds,2021-01-31 01:21:21
322,Dingle,PH,10.9995,122.6711,78.03,80,87,16.17,overcast clouds,2021-01-31 01:13:49
323,Emerald,AU,-23.5333,148.1667,88.0,42,40,6.91,scattered clouds,2021-01-31 01:23:36
324,Ohafia,NG,5.6167,7.8333,75.38,89,0,2.62,clear sky,2021-01-31 01:23:36
325,Olafsvik,IS,64.8945,-23.7142,23.04,89,30,16.82,scattered clouds,2021-01-31 01:23:36
326,Kibungo,RW,-2.1597,30.5427,64.4,88,20,4.61,few clouds,2021-01-31 01:23:36
327,Husavik,IS,66.0449,-17.3389,14.0,79,90,4.61,overcast clouds,2021-01-31 01:23:36
328,Kushiro,JP,42.975,144.3747,24.8,58,20,3.44,few clouds,2021-01-31 01:23:37
329,Hay River,CA,60.8156,-115.7999,-14.8,76,5,2.3,clear sky,2021-01-31 01:23:37
330,Rio Tercero,AR,-32.173,-64.1141,61.0,98,20,4.0,light rain,2021-01-31 01:23:37
331,Tamiahua,MX,21.2667,-97.45,70.66,92,79,6.91,broken clouds,2021-01-31 01:23:37
332,Shieli,KZ,44.1667,66.75,35.02,81,7,1.59,clear sky,2021-01-31 01:23:38
333,Preobrazheniye,RU,42.9019,133.9064,8.01,78,0,7.16,clear sky,2021-01-31 01:23:38
334,Ahipara,NZ,-35.1667,173.1667,72.28,49,0,5.99,clear sky,2021-01-31 01:20:41
335,Avera,US,33.194,-82.5271,46.4,53,75,4.61,broken clouds,2021-01-31 01:23:38
336,Victor Harbor,AU,-35.5667,138.6167,69.01,60,0,11.52,clear sky,2021-01-31 01:23:38
337,Sao Filipe,CV,14.8961,-24.4956,74.12,61,100,9.13,overcast clouds,2021-01-31 01:23:38
338,Havre-Saint-Pierre,CA,50.2334,-63.5986,21.2,73,90,5.75,overcast clouds,2021-01-31 01:19:25
339,Tilichiki,RU,60.4667,166.1,-10.53,91,91,15.73,overcast clouds,2021-01-31 01:23:39
340,Aranos,NA,-24.1333,19.1167,76.48,19,18,10.49,few clouds,2021-01-31 01:23:39
341,Ashta,IN,23.0167,76.7167,50.16,43,0,4.9,clear sky,2021-01-31 01:23:39
342,Dunga Bunga,PK,29.7493,73.2432,52.38,37,0,5.84,clear sky,2021-01-31 01:23:39
343,Batagay-Alyta,RU,67.8006,130.4114,-36.11,81,91,2.84,overcast clouds,2021-01-31 01:23:39
344,Guerrero Negro,MX,27.9769,-114.0611,60.84,65,100,15.99,overcast clouds,2021-01-31 01:21:27
345,Rong Kwang,TH,18.339,100.3174,73.99,88,20,1.14,mist,2021-01-31 01:23:40
346,San Andres,CO,12.5847,-81.7006,80.6,74,40,13.8,scattered clouds,2021-01-31 01:23:40
347,Lamar,US,33.6668,-95.5836,62.01,29,90,10.36,overcast clouds,2021-01-31 01:23:40
348,Souillac,MU,-20.5167,57.5167,78.8,83,40,6.91,scattered clouds,2021-01-31 01:23:40
349,Yayva,RU,59.3303,57.2641,12.99,61,99,1.01,overcast clouds,2021-01-31 01:23:40
350,Camocim,BR,-2.9022,-40.8411,79.84,77,100,14.81,overcast clouds,2021-01-31 01:23:42
351,Orlik,RU,52.5178,99.825,-17.18,80,98,2.73,overcast clouds,2021-01-31 01:23:42
352,Bethel,US,41.3712,-73.414,19.99,53,1,4.61,clear sky,2021-01-31 01:20:49
353,Vila Do Maio,CV,15.1333,-23.2167,73.4,56,0,17.27,clear sky,2021-01-31 01:23:42
354,Melfi,IT,40.9965,15.6514,46.99,75,20,10.36,few clouds,2021-01-31 01:23:42
355,Savonlinna,FI,61.8699,28.88,24.8,93,90,3.44,light snow,2021-01-31 01:23:12
356,Kulhudhuffushi,MV,6.6221,73.07,81.66,65,23,5.86,few clouds,2021-01-31 01:21:10
357,Omsukchan,RU,62.5333,155.8,-29.42,81,100,12.93,overcast clouds,2021-01-31 01:23:43
358,Coffeyville,US,37.0373,-95.6164,50.0,81,90,16.11,overcast clouds,2021-01-31 01:23:43
359,Fort Nelson,CA,58.8053,-122.7002,-9.4,77,40,2.3,scattered clouds,2021-01-31 01:23:43
360,Port Maria,JM,18.3685,-76.8895,77.0,83,55,13.0,broken clouds,2021-01-31 01:23:43
361,Samfya,ZM,-11.3649,29.5565,66.58,92,100,1.36,light rain,2021-01-31 01:23:43
362,Vestmannaeyjar,IS,63.4427,-20.2734,31.28,94,83,8.59,broken clouds,2021-01-31 01:22:52
363,Tyshkivka,UA,48.4967,30.9423,30.81,97,61,11.61,broken clouds,2021-01-31 01:23:43
364,Kem,RU,64.9555,34.5793,16.48,97,100,3.31,overcast clouds,2021-01-31 01:23:44
365,Bac Lieu,VN,9.285,105.7244,78.31,72,45,16.87,scattered clouds,2021-01-31 01:21:09
366,Teabo,MX,20.4,-89.2833,72.52,65,100,5.55,overcast clouds,2021-01-31 01:23:44
367,Zugdidi,GE,42.5088,41.8709,41.0,75,0,9.22,clear sky,2021-01-31 01:23:44
368,Arona,ES,28.0996,-16.681,62.6,77,20,10.36,few clouds,2021-01-31 01:23:44
369,Kirakira,SB,-10.4544,161.9205,84.02,79,83,13.87,broken clouds,2021-01-31 01:23:44
370,Ilulissat,GL,69.2167,-51.1,6.8,66,90,6.91,overcast clouds,2021-01-31 01:23:44
371,Maua,BR,-23.6678,-46.4614,77.0,65,0,6.91,clear sky,2021-01-31 01:21:08
372,Taoudenni,ML,22.6783,-3.9836,66.4,25,5,7.52,clear sky,2021-01-31 01:23:45
373,Puerto Escondido,MX,15.85,-97.0667,80.6,74,40,4.61,scattered clouds,2021-01-31 01:20:29
374,Te Anau,NZ,-45.4167,167.7167,65.84,47,62,6.38,broken clouds,2021-01-31 01:21:04
375,Ibra,OM,22.6906,58.5334,54.64,65,0,3.44,clear sky,2021-01-31 01:23:45
376,Vardo,NO,70.3705,31.1107,25.18,95,100,19.01,light snow,2021-01-31 01:23:45
377,Malinyi,TZ,-8.9333,36.1333,70.75,91,100,0.65,overcast clouds,2021-01-31 01:23:45
378,Honiara,SB,-9.4333,159.95,81.57,82,100,8.03,moderate rain,2021-01-31 01:23:46
379,Port Macquarie,AU,-31.4333,152.9167,84.99,74,90,9.57,overcast clouds,2021-01-31 01:20:13
380,Port Hawkesbury,CA,45.6169,-61.3485,26.01,80,90,16.11,overcast clouds,2021-01-31 01:23:46
381,Egvekinot,RU,66.3167,-179.1667,-21.41,84,100,10.69,overcast clouds,2021-01-31 01:23:46
382,Valparaiso,CL,-33.0393,-71.6273,66.0,100,90,4.61,fog,2021-01-31 01:19:33
383,Chicomuselo,MX,15.7667,-92.2667,71.42,55,100,3.4,overcast clouds,2021-01-31 01:23:46
384,Nantucket,US,41.2835,-70.0995,19.99,49,1,14.97,clear sky,2021-01-31 01:23:46
385,Capaccio,IT,40.4244,15.0809,50.0,77,100,6.49,overcast clouds,2021-01-31 01:23:47
386,Fukue,JP,32.6881,128.8419,53.6,62,40,3.44,scattered clouds,2021-01-31 01:23:47
387,Lazaro Cardenas,MX,17.9583,-102.2,77.38,77,0,3.44,clear sky,2021-01-31 01:23:47
388,Palu,ID,-0.8917,119.8707,83.64,56,100,1.61,overcast clouds,2021-01-31 01:23:47
389,Aksarka,RU,66.5606,67.7975,-16.6,88,100,10.09,overcast clouds,2021-01-31 01:23:47
390,San Diego De Los Banos,CU,22.6467,-83.3697,62.8,82,38,3.04,scattered clouds,2021-01-31 01:23:47
391,Kayerkan,RU,69.3497,87.7602,-32.87,71,0,3.6,clear sky,2021-01-31 01:23:48
392,Lashio,MM,22.9333,97.75,51.31,73,0,1.48,clear sky,2021-01-31 01:23:48
393,Inverell,AU,-29.7833,151.1167,91.0,45,0,4.0,clear sky,2021-01-31 01:23:48
394,Dokri,PK,27.3743,68.0967,54.46,35,0,1.97,clear sky,2021-01-31 01:23:48
395,Esperance,AU,-33.8667,121.9,73.4,49,0,10.36,clear sky,2021-01-31 01:23:48
396,Tancanhuitz,MX,21.6,-98.9667,68.0,84,91,1.12,overcast clouds,2021-01-31 01:23:48
397,Carnarvon,AU,-24.8667,113.6333,86.0,70,0,4.61,clear sky,2021-01-31 01:23:48
398,Nampula,MZ,-15.1165,39.2666,69.58,96,100,3.4,overcast clouds,2021-01-31 01:13:54
399,Naze,JP,28.3667,129.4833,62.6,55,75,9.22,broken clouds,2021-01-31 01:23:49
400,Les Escoumins,CA,48.1111,-69.0236,12.2,67,100,18.41,overcast clouds,2021-01-31 01:23:49
401,Ambon,ID,-3.6954,128.1814,89.6,62,40,10.36,scattered clouds,2021-01-31 01:23:49
402,Banjar,ID,-8.19,114.9675,84.2,79,40,12.66,scattered clouds,2021-01-31 01:22:51
403,Gizo,SB,-8.103,156.8419,86.2,70,100,19.22,overcast clouds,2021-01-31 01:23:49
404,Agarak,AM,39.2068,46.5446,33.87,80,13,6.53,few clouds,2021-01-31 01:23:49
405,Mapiripan,CO,2.8892,-72.1256,78.58,67,58,4.45,broken clouds,2021-01-31 01:23:49
406,Hamilton,US,39.1834,-84.5333,32.0,93,90,4.61,snow,2021-01-31 01:23:49
407,Nizhniy Tsasuchey,RU,50.5167,115.1333,-16.04,86,100,7.23,overcast clouds,2021-01-31 01:23:50
408,Noumea,NC,-22.2763,166.4572,82.0,73,90,18.41,overcast clouds,2021-01-31 01:23:50
409,Camargo,MX,27.6667,-105.1667,67.75,25,0,10.18,clear sky,2021-01-31 01:23:50
410,Asau,RO,46.4333,26.4,34.0,80,90,16.11,overcast clouds,2021-01-31 01:23:50
411,Petropavlovsk-Kamchatskiy,RU,53.0452,158.6483,30.2,47,100,17.9,overcast clouds,2021-01-31 01:23:50
412,Desnogorsk,RU,54.1508,33.2815,21.38,98,100,0.87,light snow,2021-01-31 01:23:50
413,Sharjah,AE,25.3573,55.4033,66.0,62,0,4.61,clear sky,2021-01-31 01:23:50
414,Nabire,ID,-3.3667,135.4833,83.48,73,93,1.12,light rain,2021-01-31 01:23:51
415,Alofi,NU,-19.0595,-169.9187,82.4,78,100,9.22,light rain,2021-01-31 01:23:51
416,Mumford,GH,5.2618,-0.759,79.41,89,99,8.39,overcast clouds,2021-01-31 01:23:51
417,Polaniec,PL,50.4332,21.2812,24.01,60,42,5.01,scattered clouds,2021-01-31 01:23:51
418,Guanica,PR,17.9716,-66.908,75.0,77,1,9.15,clear sky,2021-01-31 01:23:51
419,Ostrovnoy,RU,68.0531,39.5131,14.7,95,100,7.36,overcast clouds,2021-01-31 01:23:51
420,Seredka,RU,58.1584,28.1858,23.0,93,99,6.71,light snow,2021-01-31 01:23:51
421,Sao Felix Do Xingu,BR,-6.6447,-51.995,72.82,95,100,2.08,light rain,2021-01-31 01:23:52
422,Richards Bay,ZA,-28.783,32.0377,73.65,94,100,2.04,moderate rain,2021-01-31 01:23:53
423,Churapcha,RU,62.0025,132.4325,-39.75,80,100,2.89,overcast clouds,2021-01-31 01:23:53
424,Port Hardy,CA,50.6996,-127.4199,46.4,76,90,19.57,overcast clouds,2021-01-31 01:23:53
425,Fortuna,US,40.5982,-124.1573,53.01,87,75,18.41,moderate rain,2021-01-31 01:23:53
426,Cagliliog,PH,13.9016,123.2913,75.56,81,100,14.9,overcast clouds,2021-01-31 01:23:53
427,Kaniama,CD,-7.5667,24.1833,66.09,96,100,2.04,overcast clouds,2021-01-31 01:23:53
428,Luganville,VU,-15.5333,167.1667,84.78,64,72,8.3,broken clouds,2021-01-31 01:23:54
429,Nome,US,64.5011,-165.4064,-5.8,71,1,5.75,clear sky,2021-01-31 01:23:54
430,Coos Bay,US,43.3665,-124.2179,50.0,100,90,8.01,overcast clouds,2021-01-31 01:23:54
431,Cururupu,BR,-1.8283,-44.8683,76.78,89,100,3.53,overcast clouds,2021-01-31 01:23:54
432,Sumbe,AO,-11.2061,13.8437,76.73,81,100,4.27,overcast clouds,2021-01-31 01:19:02
433,Salto,UY,-31.3833,-57.9667,69.01,97,69,15.01,broken clouds,2021-01-31 01:21:23
434,Auki,SB,-8.7676,160.7034,82.42,82,100,12.75,light rain,2021-01-31 01:23:54
435,Trairi,BR,-3.2778,-39.2689,79.23,82,100,9.13,overcast clouds,2021-01-31 01:23:55
436,Pemangkat,ID,1.1667,108.9667,78.78,85,100,10.74,light rain,2021-01-31 01:23:55
437,Port-Gentil,GA,-0.7193,8.7815,77.68,82,100,8.41,overcast clouds,2021-01-31 01:23:55
438,Vidim,RU,56.4088,103.1106,-41.22,79,29,1.95,scattered clouds,2021-01-31 01:23:55
439,Ban Pong,TH,13.8163,99.8774,78.01,89,0,6.2,clear sky,2021-01-31 01:23:55
440,Necochea,AR,-38.5473,-58.7368,57.99,69,26,12.12,scattered clouds,2021-01-31 01:19:37
441,Codrington,AU,-38.2667,141.9667,65.07,57,0,8.46,clear sky,2021-01-31 01:19:27
442,Natchez,US,31.5604,-91.4032,66.2,72,90,14.97,overcast clouds,2021-01-31 01:23:56
443,Biltine,TD,14.5333,20.9167,68.29,22,0,12.77,clear sky,2021-01-31 01:23:56
444,Wageningen,NL,51.9667,5.6667,30.0,93,11,8.05,mist,2021-01-31 01:23:56
445,Sarankhola,BD,22.3082,89.7897,52.05,45,0,3.71,clear sky,2021-01-31 01:22:20
446,Komsomolskiy,UZ,40.4272,71.7189,32.0,55,100,6.91,overcast clouds,2021-01-31 01:22:53
447,Mairana,BO,-18.1167,-63.9333,59.54,100,100,4.27,overcast clouds,2021-01-31 01:23:56
448,Hovd,MN,48.0056,91.6419,6.8,82,3,1.45,clear sky,2021-01-31 01:23:57
449,Calatagan,PH,13.8833,120.65,76.06,70,100,19.64,overcast clouds,2021-01-31 01:23:57
450,Kopavogur,IS,64.1123,-21.913,21.2,53,0,11.5,clear sky,2021-01-31 01:23:57
451,College,US,64.8569,-147.8028,-2.2,71,90,0.89,light snow,2021-01-31 01:23:57
452,Rudnyy,KZ,52.9594,63.1206,1.4,85,90,2.48,fog,2021-01-31 01:23:57
453,Penzance,GB,50.1186,-5.5371,43.0,93,90,6.91,overcast clouds,2021-01-31 01:23:57
454,Roald,NO,62.5833,6.1333,33.8,86,75,9.22,snow,2021-01-31 01:23:57
455,Dicabisagan,PH,17.0818,122.4157,71.78,80,100,12.57,overcast clouds,2021-01-31 01:23:12
456,Nyuksenitsa,RU,60.4128,44.2397,17.94,96,100,8.34,overcast clouds,2021-01-31 01:23:58
457,Porangatu,BR,-13.4408,-49.1486,73.47,84,5,1.16,clear sky,2021-01-31 01:23:58
458,Airai,TL,-8.9266,125.4092,62.94,100,100,5.57,overcast clouds,2021-01-31 01:19:35
459,Mayo,US,38.8876,-76.5119,30.2,59,1,4.27,clear sky,2021-01-31 01:23:58
460,Acarau,BR,-2.8856,-40.12,79.12,82,100,11.25,overcast clouds,2021-01-31 01:23:58
461,Brae,GB,60.3964,-1.353,33.8,93,40,3.44,light snow,2021-01-31 01:23:58
462,Gondanglegi,ID,-7.7479,112.0132,79.47,81,83,3.38,broken clouds,2021-01-31 01:23:58
463,Honningsvag,NO,70.9821,25.9704,26.6,80,0,8.05,light snow,2021-01-31 01:23:59
464,Waipawa,NZ,-41.4122,175.5153,71.01,68,0,12.66,clear sky,2021-01-31 01:23:59
465,Hobyo,SO,5.3505,48.5268,74.84,78,55,14.52,broken clouds,2021-01-31 01:23:59
466,Maragogi,BR,-9.0122,-35.2225,78.04,82,100,8.3,overcast clouds,2021-01-31 01:23:59
467,Zyryanka,RU,65.75,150.85,-30.03,83,100,15.46,overcast clouds,2021-01-31 01:23:59
468,Sisimiut,GL,66.9395,-53.6735,6.3,90,74,7.65,broken clouds,2021-01-31 01:23:59
469,Jinchang,CN,38.4953,102.1739,22.21,64,0,2.89,clear sky,2021-01-31 01:23:59
470,Agadez,NE,19.75,10.25,52.52,38,0,1.79,clear sky,2021-01-31 01:23:59
471,Bronnoysund,NO,65.4625,12.1997,23.0,80,40,5.75,scattered clouds,2021-01-31 01:23:59
472,Bonavista,CA,48.6499,-53.1147,28.99,93,95,3.44,overcast clouds,2021-01-31 01:24:00
473,Marovoay,MG,-16.1,46.6333,73.4,94,20,3.44,few clouds,2021-01-31 01:24:00
474,Sulangan,PH,11.1373,123.7228,79.47,77,93,19.71,overcast clouds,2021-01-31 01:24:00
475,Balikpapan,ID,-1.2675,116.8289,82.4,74,20,8.05,few clouds,2021-01-31 01:24:00
476,Port Shepstone,ZA,-30.7414,30.455,74.91,88,100,2.53,light rain,2021-01-31 01:24:02
477,Smithers,CA,54.7804,-127.1743,19.4,73,90,5.75,light snow,2021-01-31 01:24:02
478,Saint-Georges,GD,12.0564,-61.7485,80.6,78,20,11.5,few clouds,2021-01-31 01:24:02
479,Palimbang,PH,6.2106,124.1894,83.01,60,100,1.63,overcast clouds,2021-01-31 01:24:02
480,Standerton,ZA,-26.9337,29.2415,62.01,99,90,3.22,light rain,2021-01-31 01:24:02
481,Balkanabat,TM,39.5108,54.3671,46.4,71,40,3.87,scattered clouds,2021-01-31 01:24:02
482,Grand Baie,MU,-20.0182,57.5802,75.99,85,8,3.0,clear sky,2021-01-31 01:24:02
483,Neiafu,TO,-18.65,-173.9833,82.4,83,75,10.36,light rain,2021-01-31 01:24:03
484,Nago,JP,26.5881,127.9761,62.6,72,20,6.91,few clouds,2021-01-31 01:20:18
485,Manggar,ID,-2.8833,108.2667,81.39,78,100,10.2,moderate rain,2021-01-31 01:24:03
486,Palmas Bellas,PA,9.2319,-80.0867,79.0,79,76,14.0,broken clouds,2021-01-31 01:23:02
487,Ciudad Guayana,VE,8.3533,-62.6528,75.0,96,2,1.99,clear sky,2021-01-31 01:24:03
488,Japura,ID,-0.3167,102.35,75.38,91,45,1.92,scattered clouds,2021-01-31 01:24:03
489,Baijiantan,CN,45.6333,85.1833,4.6,93,26,2.53,scattered clouds,2021-01-31 01:22:25
490,Gat,IL,31.61,34.7642,55.0,58,0,1.99,clear sky,2021-01-31 01:19:05
491,Menongue,AO,-14.6585,17.691,62.47,95,100,5.21,light rain,2021-01-31 01:24:03
492,Srednekolymsk,RU,67.45,153.6833,-32.04,84,100,3.31,overcast clouds,2021-01-31 01:24:04
493,Cooma,AU,-36.2333,149.1333,73.4,53,76,5.75,broken clouds,2021-01-31 01:24:04
494,Russell,US,32.3502,-85.1999,51.8,62,90,7.25,overcast clouds,2021-01-31 01:24:04
495,Ginda,IN,30.6945,78.4932,38.03,44,0,5.48,clear sky,2021-01-31 01:24:04
496,Consuelo,PH,10.6348,124.301,80.6,74,75,19.57,broken clouds,2021-01-31 01:24:04
497,Khoy,IR,38.5504,44.9535,29.14,80,17,5.14,few clouds,2021-01-31 01:24:04
498,North Bend,US,43.4065,-124.2243,48.2,100,90,9.22,overcast clouds,2021-01-31 01:24:04
499,Quelimane,MZ,-17.8786,36.8883,78.8,94,75,1.83,broken clouds,2021-01-31 01:24:05
500,Bocas Del Toro,PA,9.3333,-82.25,64.0,64,93,11.01,overcast clouds,2021-01-31 01:24:05
501,Broome,US,42.2506,-75.833,14.0,79,1,6.91,clear sky,2021-01-31 01:24:05
502,Leshukonskoye,RU,64.8989,45.7622,17.65,97,100,5.61,overcast clouds,2021-01-31 01:24:05
503,Mafeteng,LS,-29.823,27.2374,61.74,62,0,5.91,clear sky,2021-01-31 01:24:05
504,Lavrentiya,RU,65.5833,-171.0,-16.24,84,0,5.84,clear sky,2021-01-31 01:24:05
505,Rio Gallegos,AR,-51.6226,-69.2181,57.2,41,0,10.36,clear sky,2021-01-31 01:24:05
506,Dorado,PR,18.4588,-66.2677,72.0,98,88,5.01,light rain,2021-01-31 01:24:05
507,Kargasok,RU,59.0556,80.8572,-24.0,84,100,10.94,overcast clouds,2021-01-31 01:24:05
508,Chimoio,MZ,-19.1164,33.4833,71.6,100,75,5.75,light rain,2021-01-31 01:24:06
509,Amuntai,ID,-2.4177,115.2494,81.57,77,100,0.11,overcast clouds,2021-01-31 01:24:06
510,Jizan,SA,17.3333,42.6667,73.4,83,0,3.15,clear sky,2021-01-31 01:24:06
511,Lagoa,PT,39.05,-27.9833,61.84,93,90,25.61,overcast clouds,2021-01-31 01:24:06
512,Severo-Kurilsk,RU,50.6789,156.125,25.18,95,100,28.63,light snow,2021-01-31 01:24:06
513,Nishihara,JP,26.1842,127.7558,66.2,48,20,8.05,few clouds,2021-01-31 01:21:55
514,Ihosy,MG,-22.4,46.1167,68.99,91,70,4.88,broken clouds,2021-01-31 01:24:06
515,Aste,IT,45.7906,11.0961,42.01,86,100,1.99,light rain,2021-01-31 01:24:07
516,Bazarnyy Syzgan,RU,53.7512,46.7535,31.41,99,100,10.92,overcast clouds,2021-01-31 01:24:07
517,Tukrah,LY,32.5341,20.5791,58.89,83,0,11.68,clear sky,2021-01-31 01:24:07
518,Tocopilla,CL,-22.092,-70.1979,68.49,57,0,9.42,clear sky,2021-01-31 01:24:07
519,Birpur,IN,26.5167,87.0167,48.58,59,0,2.66,clear sky,2021-01-31 01:24:07
520,Karwar,IN,14.8,74.1333,72.59,57,43,4.03,scattered clouds,2021-01-31 01:24:07
521,Cardston,CA,49.2,-113.3019,35.6,41,0,13.8,clear sky,2021-01-31 01:24:08
522,Hailey,US,43.5196,-114.3153,26.6,80,1,2.01,clear sky,2021-01-31 01:24:08
523,Axim,GH,4.8699,-2.2405,78.76,89,20,5.91,few clouds,2021-01-31 01:24:08
524,Kargat,RU,55.1956,80.2811,-13.05,86,100,9.31,overcast clouds,2021-01-31 01:24:08
525,Cayenne,GF,4.9333,-52.3333,80.6,89,75,9.22,broken clouds,2021-01-31 01:24:08
526,Luis Correia,BR,-2.8792,-41.6669,79.11,84,100,12.5,overcast clouds,2021-01-31 01:24:08
527,Coruripe,BR,-10.1256,-36.1756,77.92,82,100,9.71,overcast clouds,2021-01-31 01:24:08
528,Brookings,US,44.3114,-96.7984,26.01,93,90,11.5,mist,2021-01-31 01:19:22
529,Floro,NO,61.5996,5.0328,32.0,100,75,5.75,light snow,2021-01-31 01:24:08
530,San Vicente,AR,-26.6167,-54.1333,70.5,88,0,4.85,moderate rain,2021-01-31 01:24:09
531,Oistins,BB,13.0667,-59.5333,78.8,73,75,19.57,broken clouds,2021-01-31 01:20:38
532,Aginskoye,RU,51.1,114.53,-18.54,85,100,3.98,overcast clouds,2021-01-31 01:24:09
533,Atambua,ID,-9.1061,124.8925,74.82,93,100,7.9,moderate rain,2021-01-31 01:24:09
534,Ajaccio,FR,42.0,8.9167,55.4,76,90,16.11,overcast clouds,2021-01-31 01:22:03
535,Inta,RU,66.0317,60.1659,-5.84,86,100,9.51,overcast clouds,2021-01-31 01:22:16
536,Mutare,ZW,-18.9707,32.6709,65.35,98,100,4.14,overcast clouds,2021-01-31 01:24:09
537,Haines Junction,CA,60.7522,-137.5108,-7.6,77,97,0.94,light snow,2021-01-31 01:24:10
538,Lufkin,US,31.3382,-94.7291,64.99,100,90,5.75,overcast clouds,2021-01-31 01:24:10
539,Ust-Kuyga,RU,70.0167,135.6,-33.84,81,57,4.32,broken clouds,2021-01-31 01:24:10
540,Kamenka,RU,51.3223,42.7678,35.01,93,100,17.11,overcast clouds,2021-01-31 01:20:10
541,Kelme,LT,55.6339,22.9342,26.6,80,90,11.5,overcast clouds,2021-01-31 01:24:10
542,Morondava,MG,-20.2833,44.2833,79.07,84,2,8.34,clear sky,2021-01-31 01:24:10
543,Damghan,IR,36.1683,54.348,39.47,71,0,5.21,clear sky,2021-01-31 01:24:11
544,Gorin,RU,51.1983,136.6669,-13.07,87,68,6.44,broken clouds,2021-01-31 01:24:11
545,Nara,JP,34.6851,135.8049,51.01,61,20,3.44,few clouds,2021-01-31 01:24:11
546,Walvis Bay,NA,-22.9575,14.5053,66.99,77,0,4.61,clear sky,2021-01-31 01:24:11
547,Carthage,TN,36.8611,10.3316,60.8,59,20,9.22,few clouds,2021-01-31 01:24:11
548,Soledade,BR,-28.8183,-52.5103,67.48,98,99,4.5,light rain,2021-01-31 01:24:11
549,Changli,CN,39.7042,119.1506,26.35,93,83,7.18,broken clouds,2021-01-31 01:24:11
550,Ambilobe,MG,-13.2,49.05,72.73,93,0,2.68,clear sky,2021-01-31 01:22:02
551,Oum Hadjer,TD,13.2954,19.6966,68.85,23,0,8.7,clear sky,2021-01-31 01:24:13
552,Camana,PE,-16.6228,-72.7111,69.1,77,54,4.41,broken clouds,2021-01-31 01:24:13
553,Boa Vista,BR,2.8197,-60.6733,78.8,69,75,10.36,broken clouds,2021-01-31 01:21:21
554,Saint-Ambroise,CA,48.5501,-71.3324,1.99,71,92,8.05,overcast clouds,2021-01-31 01:24:13
555,Lufilufi,WS,-13.8745,-171.5986,87.8,79,75,14.97,light rain,2021-01-31 01:24:13
556,Never,FR,46.9896,3.159,46.99,100,90,6.91,overcast clouds,2021-01-31 01:24:14
557,North Royalton,US,41.3137,-81.7246,30.99,55,90,8.05,overcast clouds,2021-01-31 01:24:14
558,Winton,US,37.3894,-120.6133,57.0,67,1,8.05,clear sky,2021-01-31 01:24:14
559,Yaan,NG,7.3833,8.5667,75.74,19,6,6.85,clear sky,2021-01-31 01:24:14
560,Antofagasta,CL,-23.65,-70.4,66.2,82,20,11.5,few clouds,2021-01-31 01:24:14
561,Punta Cardon,VE,11.6581,-70.215,77.22,78,1,26.49,clear sky,2021-01-31 01:24:14
562,Matagami,CA,49.7502,-77.6328,-2.2,84,90,4.61,overcast clouds,2021-01-31 01:24:15
563,Lipin Bor,RU,60.2622,37.9763,22.06,97,100,11.03,overcast clouds,2021-01-31 01:24:15
564,Urengoy,RU,65.9667,78.3667,-23.06,84,100,15.17,overcast clouds,2021-01-31 01:24:15
565,Rudraprayag,IN,30.2833,78.9833,44.33,45,0,3.09,clear sky,2021-01-31 01:24:15
566,Tazmalt,DZ,36.3868,4.3989,52.97,70,100,12.15,overcast clouds,2021-01-31 01:24:15
567,Mezen,RU,65.8522,44.24,15.3,97,100,6.85,overcast clouds,2021-01-31 01:24:15
568,Kalangala,UG,-0.3089,32.225,69.8,88,20,4.61,light rain,2021-01-31 01:24:15
569,Andilamena,MG,-17.0167,48.5833,64.35,97,44,2.66,scattered clouds,2021-01-31 01:24:15
570,Srivardhan,IN,18.0333,73.0167,73.27,47,4,5.82,clear sky,2021-01-31 01:24:16
571,Little Current,CA,45.9793,-81.9248,14.0,79,100,5.75,overcast clouds,2021-01-31 01:24:16
572,Yelizovo,RU,53.1873,158.3805,30.2,47,93,17.9,overcast clouds,2021-01-31 01:24:16
573,Tongren,CN,27.7172,109.1853,46.98,85,100,1.16,overcast clouds,2021-01-31 01:24:16
574,Camara De Lobos,PT,32.6333,-16.9667,60.8,77,20,6.91,few clouds,2021-01-31 01:24:16
575,Comodoro Rivadavia,AR,-45.8667,-67.5,57.2,62,0,6.91,clear sky,2021-01-31 01:23:44
576,Bonthe,SL,7.5264,-12.505,77.67,86,23,4.97,few clouds,2021-01-31 01:24:16
577,Zaysan,KZ,47.4667,84.8667,-1.68,85,33,1.52,scattered clouds,2021-01-31 01:24:16
578,Bikaner,IN,28.0167,73.3,54.72,31,0,7.52,clear sky,2021-01-31 01:24:17
579,Ashoknagar,IN,24.5667,77.7167,47.55,46,0,2.57,clear sky,2021-01-31 01:24:17
580,Coahuayana,MX,18.7333,-103.6833,78.8,65,1,9.22,clear sky,2021-01-31 01:24:17
581,Shache,CN,38.4167,77.2406,19.08,90,55,0.65,broken clouds,2021-01-31 01:20:09
582,Yulara,AU,-25.2406,130.9889,89.6,20,40,17.27,scattered clouds,2021-01-31 01:24:17
583,Melfort,CA,52.8667,-104.6177,10.4,85,67,3.44,broken clouds,2021-01-31 01:24:17
584,Louga,RU,58.7372,29.8453,16.74,97,98,5.53,overcast clouds,2021-01-31 01:24:18
585,Oyama,JP,36.3,139.8,48.99,39,20,5.75,few clouds,2021-01-31 01:24:18
586,Ikongo,MG,-21.8833,47.4333,70.25,90,5,2.06,clear sky,2021-01-31 01:24:18
587,Rio Grande,BR,-32.035,-52.0986,75.81,91,86,13.24,moderate rain,2021-01-31 01:21:49
588,Vakhrushev,RU,48.9833,142.9667,4.15,86,100,3.76,overcast clouds,2021-01-31 01:24:18
589,Kongolo,CD,-5.3833,27.0,70.2,94,100,2.26,overcast clouds,2021-01-31 01:20:02
590,Cuenca,EC,-2.8833,-78.9833,60.8,63,57,6.91,broken clouds,2021-01-31 01:22:23
591,Siyabuswa,ZA,-25.1132,29.0445,71.22,81,27,7.2,light rain,2021-01-31 01:24:19
592,Dovolnoye,RU,54.4958,79.6671,-5.98,90,100,8.12,overcast clouds,2021-01-31 01:24:19
593,Andros Town,BS,24.7,-77.7667,68.0,64,0,8.05,clear sky,2021-01-31 01:24:19
594,Dosso,NE,13.049,3.1937,70.57,20,32,9.78,scattered clouds,2021-01-31 01:24:19
595,Guadalupe,MX,25.6833,-100.25,84.2,30,20,5.75,few clouds,2021-01-31 01:24:19
596,Bilibino,RU,68.0546,166.4372,-26.52,79,0,5.53,clear sky,2021-01-31 01:24:19
597,Labuhan,ID,-6.8844,112.2051,80.51,83,67,6.2,broken clouds,2021-01-31 01:24:20
598,Erzin,TR,36.9559,36.2,50.0,97,100,3.0,light rain,2021-01-31 01:24:20
599,Bjornevatn,NO,69.6672,29.9847,24.8,93,75,9.22,light snow,2021-01-31 01:24:20
600,Half Moon Bay,US,37.4636,-122.4286,57.2,76,90,8.05,overcast clouds,2021-01-31 01:20:31
601,Natal,BR,-5.795,-35.2094,78.8,83,20,6.91,few clouds,2021-01-31 01:20:03
602,Maumere,ID,-8.6199,122.2111,81.84,77,100,8.93,light rain,2021-01-31 01:24:21
603,Havoysund,NO,70.9963,24.6622,26.6,80,40,9.22,light snow,2021-01-31 01:24:21
604,Narsaq,GL,60.9167,-46.05,39.2,30,75,31.07,broken clouds,2021-01-31 01:24:21
605,Mayumba,GA,-3.432,10.6554,78.17,84,100,0.83,overcast clouds,2021-01-31 01:24:22
606,Lasa,IT,46.6166,10.7002,37.0,100,90,3.06,light snow,2021-01-31 01:24:22
607,Kolosovka,RU,56.4678,73.611,3.78,94,100,12.68,overcast clouds,2021-01-31 01:24:22
608,Mushie,CD,-3.0167,16.9,69.6,94,99,2.82,light rain,2021-01-31 01:24:23
609,Stromness,GB,58.965,-3.296,30.2,80,100,5.75,overcast clouds,2021-01-31 01:24:23
610,Wichita Falls,US,33.9137,-98.4934,60.8,29,1,10.36,clear sky,2021-01-31 01:24:23
611,Zhuanghe,CN,39.7008,122.9911,22.6,93,100,15.64,overcast clouds,2021-01-31 01:24:23
612,Sangar,RU,63.9242,127.4739,-48.5,76,85,3.78,overcast clouds,2021-01-31 01:24:23
613,Asosa,ET,10.0667,34.5333,62.89,43,2,6.2,clear sky,2021-01-31 01:24:24
614,Krasnogvardeyets,RU,52.6804,52.3635,17.67,95,93,7.56,overcast clouds,2021-01-31 01:24:24
615,Tabuk,PH,17.4189,121.4443,67.28,81,100,3.69,overcast clouds,2021-01-31 01:23:01
616,Talas,TR,38.6908,35.5538,39.2,87,75,9.22,light rain,2021-01-31 01:24:24
617,Lakatoro,VU,-16.0999,167.4164,85.23,63,92,9.51,overcast clouds,2021-01-31 01:24:24
618,La Ronge,CA,55.1001,-105.2842,12.2,85,6,2.3,clear sky,2021-01-31 01:24:24
619,Ust-Kan,RU,50.9276,84.761,8.24,85,0,3.15,clear sky,2021-01-31 01:24:25
620,Santa Maria,BR,-29.6842,-53.8069,69.8,100,90,6.91,moderate rain,2021-01-31 01:24:25
621,Claveria,PH,18.6074,121.0832,70.16,79,100,18.57,overcast clouds,2021-01-31 01:24:25
622,Beian,NO,63.6559,9.5683,33.8,86,75,4.61,light snow,2021-01-31 01:24:25
623,Paragominas,BR,-2.9667,-47.4833,73.04,96,100,3.56,heavy intensity rain,2021-01-31 01:24:25
624,Indramayu,ID,-6.3264,108.32,80.11,80,100,13.0,moderate rain,2021-01-31 01:24:26
625,Bayanday,RU,53.0661,105.5139,-23.39,82,100,9.89,overcast clouds,2021-01-31 01:24:26
626,Ouesso,CG,1.6136,16.0517,72.16,91,97,3.18,overcast clouds,2021-01-31 01:22:23
627,Vila Franca Do Campo,PT,37.7167,-25.4333,62.6,88,75,16.11,broken clouds,2021-01-31 01:24:26
628,Shimoda,JP,34.6667,138.95,50.0,57,20,5.75,few clouds,2021-01-31 01:24:26
629,Jumla,NP,29.2747,82.1838,29.62,57,0,3.51,clear sky,2021-01-31 01:24:27
630,Challakere,IN,14.3167,76.65,67.33,64,4,6.02,clear sky,2021-01-31 01:24:27
631,Nauta,PE,-4.5061,-73.5757,74.34,94,94,2.44,overcast clouds,2021-01-31 01:24:27
632,Vanimo,PG,-2.6741,141.3028,85.28,66,100,8.32,overcast clouds,2021-01-31 01:24:28
633,Isiro,CD,2.7739,27.616,62.1,44,99,1.01,overcast clouds,2021-01-31 01:24:28
634,Sinop,TR,41.7711,34.8709,39.97,76,100,9.15,overcast clouds,2021-01-31 01:22:30
635,Zwedru,LR,6.0667,-8.1281,72.95,96,40,2.8,scattered clouds,2021-01-31 01:24:28
636,Pyaozerskiy,RU,65.8333,31.1667,10.33,95,100,5.39,light snow,2021-01-31 01:24:28
637,Apple Valley,US,34.5008,-117.1859,50.0,54,0,3.02,clear sky,2021-01-31 01:24:29
638,Juneau,US,58.3019,-134.4197,32.0,80,75,5.06,broken clouds,2021-01-31 01:21:37
639,De-Kastri,RU,51.4667,140.7833,-0.15,86,100,11.01,overcast clouds,2021-01-31 01:24:29
640,Tyukalinsk,RU,55.8732,72.1967,8.6,95,100,13.31,overcast clouds,2021-01-31 01:24:29
641,Kharan,PK,28.5833,65.4167,52.38,38,14,2.73,few clouds,2021-01-31 01:22:42
642,Kupang,ID,-10.1667,123.5833,82.4,83,75,13.8,broken clouds,2021-01-31 01:22:04
643,Coari,BR,-4.085,-63.1414,75.72,96,100,2.59,overcast clouds,2021-01-31 01:24:30
644,Meadow Lake,US,34.8014,-106.5436,43.0,36,1,11.5,clear sky,2021-01-31 01:24:31
645,Christchurch,NZ,-43.5333,172.6333,68.0,56,0,20.71,clear sky,2021-01-31 01:24:26
646,Kochkurovo,RU,54.0358,45.4184,25.88,98,100,8.79,light snow,2021-01-31 01:24:31
647,Nizwa,OM,22.9333,57.5333,56.12,59,0,2.42,clear sky,2021-01-31 01:24:31
648,Agapovka,RU,53.2973,59.1348,5.0,92,77,2.26,fog,2021-01-31 01:24:31
649,Ryotsu,JP,38.0833,138.4333,35.6,69,40,23.02,scattered clouds,2021-01-31 01:24:32
650,Dunwoody,US,33.9462,-84.3346,44.6,61,1,8.05,clear sky,2021-01-31 01:22:05
651,Carandai,BR,-20.9536,-43.8064,63.1,95,0,3.51,clear sky,2021-01-31 01:20:49
652,Dallas,US,32.7668,-96.7836,69.8,17,75,9.22,dust,2021-01-31 01:24:32
653,Sitio Novo Do Tocantins,BR,-5.5183,-47.4611,72.28,95,100,3.36,overcast clouds,2021-01-31 01:24:32
654,Bixby,US,35.942,-95.8833,55.4,76,40,8.05,scattered clouds,2021-01-31 01:24:32
655,Puerto Carreno,CO,6.189,-67.4859,83.41,56,96,14.74,overcast clouds,2021-01-31 01:23:58
656,Conceicao Do Araguaia,BR,-8.2578,-49.2647,74.03,91,100,3.04,overcast clouds,2021-01-31 01:21:16
657,Eyl,SO,7.9803,49.8164,70.57,82,55,10.4,broken clouds,2021-01-31 01:24:33
658,Santo Domingo,DO,18.5001,-69.9886,73.4,94,40,4.61,scattered clouds,2021-01-31 01:23:34
659,Misratah,LY,32.3754,15.0925,63.99,51,0,12.06,clear sky,2021-01-31 01:24:34
660,Derzhavinsk,KZ,51.1,66.3167,18.0,93,100,4.76,overcast clouds,2021-01-31 01:24:34
661,Kaihua,CN,23.3687,104.28,52.5,88,76,7.36,broken clouds,2021-01-31 01:24:34
662,Sertania,BR,-8.0736,-37.2644,73.15,75,100,6.78,overcast clouds,2021-01-31 01:24:34
663,Cabanas,CU,22.9758,-82.9219,68.0,73,20,3.44,few clouds,2021-01-31 01:24:34
664,San Ignacio,BZ,17.1561,-89.0714,73.4,88,0,4.36,clear sky,2021-01-31 01:24:35
665,Bondoukou,CI,8.0333,-2.8,76.26,41,27,0.34,scattered clouds,2021-01-31 01:24:36
666,Veinticinco De Mayo,AR,-35.4323,-60.1727,57.99,63,100,7.0,overcast clouds,2021-01-31 01:24:36
667,Camden,US,39.7835,-74.9663,26.01,45,76,4.27,broken clouds,2021-01-31 01:24:36
668,Kolokani,ML,13.5728,-8.0339,70.07,20,15,11.36,few clouds,2021-01-31 01:24:36
669,Rantauprapat,ID,2.1,99.8333,74.55,88,94,2.66,overcast clouds,2021-01-31 01:24:36
670,Syasstroy,RU,60.1367,32.5691,23.05,98,84,7.47,snow,2021-01-31 01:24:37
671,Moron,AR,-34.6534,-58.6198,63.0,89,86,5.01,overcast clouds,2021-01-31 01:24:37
672,Batemans Bay,AU,-35.7167,150.1833,68.0,79,100,5.01,overcast clouds,2021-01-31 01:24:37
673,Denia,ES,38.8408,0.1057,59.0,52,79,17.0,broken clouds,2021-01-31 01:24:37
674,Taylorville,US,39.5489,-89.2945,37.0,100,90,20.71,moderate rain,2021-01-31 01:24:38
675,Macas,EC,-2.3167,-78.1167,67.95,79,23,1.77,few clouds,2021-01-31 01:24:38
676,San Salvo,IT,42.0433,14.7272,54.0,58,75,4.61,broken clouds,2021-01-31 01:24:38
677,Fairview,US,40.8126,-73.999,30.2,40,1,5.75,clear sky,2021-01-31 01:24:04
678,Bandundu,CD,-3.3167,17.3667,70.66,92,100,3.04,overcast clouds,2021-01-31 01:24:38
679,Jistebnice,CZ,49.4855,14.5276,26.01,91,97,6.55,overcast clouds,2021-01-31 01:24:38
680,Burns Lake,CA,54.2331,-125.7533,19.4,86,100,3.44,overcast clouds,2021-01-31 01:24:39
681,Altay,CN,47.8667,88.1167,8.65,76,0,3.15,clear sky,2021-01-31 01:20:42
682,Ketchikan,US,55.3422,-131.6461,33.8,100,40,4.92,scattered clouds,2021-01-31 01:24:39
683,Dong Hoi,VN,17.4833,106.6,68.76,89,100,6.38,overcast clouds,2021-01-31 01:24:39
684,Minna,NG,9.6139,6.5569,75.76,18,0,9.31,clear sky,2021-01-31 01:24:39
685,Kjollefjord,NO,70.9457,27.3465,26.6,80,0,8.05,light snow,2021-01-31 01:24:39
686,Moen,NO,69.1304,18.6123,-2.2,84,100,2.3,overcast clouds,2021-01-31 01:24:39
687,Isangel,VU,-19.55,169.2667,84.2,74,75,11.5,broken clouds,2021-01-31 01:24:40
688,Bougouni,ML,11.417,-7.479,71.04,20,0,5.32,clear sky,2021-01-31 01:24:40
689,Newport,GB,51.5877,-2.9984,39.0,90,35,4.0,scattered clouds,2021-01-31 01:22:59
690,Eagle Pass,US,28.7091,-100.4995,75.2,57,1,2.93,clear sky,2021-01-31 01:24:40
691,Yumen,CN,40.2833,97.2,21.61,73,0,23.15,clear sky,2021-01-31 01:20:39
692,Champoton,MX,19.35,-90.7167,71.6,68,1,5.75,clear sky,2021-01-31 01:21:05
693,Dalvik,IS,65.9702,-18.5286,14.0,79,90,4.61,overcast clouds,2021-01-31 01:24:41
694,Witu,KE,-2.3889,40.4382,77.0,83,1,10.36,clear sky,2021-01-31 01:20:11
695,Santa Isabel Do Rio Negro,BR,-0.4139,-65.0192,76.8,84,2,2.98,clear sky,2021-01-31 01:20:03
696,Bayshore Gardens,US,27.4253,-82.5904,66.0,77,40,0.58,scattered clouds,2021-01-31 01:24:41
697,Saurimo,AO,-9.6608,20.3916,65.44,95,100,3.09,overcast clouds,2021-01-31 01:24:41
698,Riyadh,SA,24.6877,46.7219,50.0,50,0,5.75,clear sky,2021-01-31 01:21:26
699,Jacmel,HT,18.2342,-72.5347,78.8,69,40,3.44,scattered clouds,2021-01-31 01:24:41
700,Usinsk,RU,65.9939,57.5281,-2.56,92,100,10.33,overcast clouds,2021-01-31 01:24:41
701,Saint-Francois,FR,46.4154,3.9054,43.0,93,90,3.44,overcast clouds,2021-01-31 01:20:56
702,Bedesa,ET,8.9,40.7833,58.51,39,10,3.27,clear sky,2021-01-31 01:24:42
703,Miandrivazo,MG,-19.5167,45.4667,77.56,81,24,1.3,few clouds,2021-01-31 01:24:42
704,Tsiroanomandidy,MG,-18.7667,46.0333,66.33,90,8,2.15,clear sky,2021-01-31 01:24:42
705,Tete,MZ,-16.1564,33.5867,77.0,100,20,3.85,few clouds,2021-01-31 01:24:42
706,Bardiyah,LY,31.7561,25.0865,59.27,69,0,13.82,clear sky,2021-01-31 01:24:43
707,Chanika,TZ,-5.4167,38.0167,69.21,93,69,1.66,broken clouds,2021-01-31 01:24:43
